Venue Name,Average Rating,Review Count,SkyTrain Station,Latitude,Longitude,ID,Source,Distance
A&W Canada,3.7,569,Main Street-Science World,49.27312,-123.10048,ChIJZ7GEH2RxhlQRVOFg4REEFN0,Google,11.062797759677574
A&W Canada,3.8,765,Commercial-Broadway Station,49.262566,-123.0694199,ChIJvWqz0E5xhlQRmQ0QSFzd-OI,Google,14.740643943280876
Tim Hortons,3.2,138,Main Street-Science World,49.2731501,-123.1005556,ChIJydBOH2RxhlQRNt7Hp4vijHE,Google,15.11367304903213
St Regis Bar & Grill,4.1,672,Granville,49.2831689,-123.1159323,ChIJAWJHy3hxhlQRxAZ-J4oMWJA,Google,20.001127573008404
The Keg Steakhouse + Bar - Dunsmuir,4.4,2288,Granville,49.2834448,-123.116359,ChIJGdCptHhxhlQR5OKcIP64od4,Google,23.59227763432836
Donair Dude,3.9,385,Commercial-Broadway Station,49.2627433,-123.0695059,ChIJ36BQHIlxhlQRtMmDXreD5GA,Google,23.68759195052098
A&W Canada,4.0,450,Joyce‚ÄìCollingwood,49.2382612,-123.0314319,ChIJ4bfFaKl3hlQRMJAS9Lx7AVk,Google,26.738046279483786
"Mr. Shawarma Vancouver Shawarma and Cheesesteak, Burger, and Falafel",4.6,651,Burrard,49.2852956,-123.1202073,ChIJSYllMk5xhlQRAH4cXrSG67A,Google,28.600437842248
Easy Italian Food Cooking,5.0,5,Marine Drive Station,49.20985450000001,-123.116646,ChIJDV2sT7N1hlQRA_0uAhV7t0w,Google,34.044207287112116
Freshslice Pizza,4.3,442,Marine Drive Station,49.2099567,-123.1168429,ChIJ46UHRKx1hlQRPlovXNckj8g,Google,34.3776053266615
Kalai's curry kitchen,4.5,99,Main Street-Science World,49.27290139999999,-123.1001058,ChIJce838QVxhlQRZsng2C_BuWg,Google,34.917780279099915
Tim Hortons,2.9,75,Stadium-Chinatown,49.2798675,-123.1101502,ChIJQ6V7Eq9xhlQRJlMhnxVOMb8,Google,34.95199289162543
Milk and Sugar BBQ Bar,3.9,250,Joyce‚ÄìCollingwood,49.2382266,-123.032209,ChIJj_aaXSN3hlQR1Mgyoz45QYk,Google,36.58939471993181
A & W Home Of The Burger Family,1.5,4,Main Street-Science World,49.2732033,-123.1008612,ChIJ6dqOGWRxhlQRrx-4--zk8sU,Google,37.25029207703104
A&W Canada,3.8,581,Marine Drive Station,49.209366,-123.11678,ChIJUaeYv_Z0hlQRj_EpoX3KYy8,Google,38.034462591678036
Pajo's YVR Inter. Departure Building Level 3,3.8,55,Yvr‚ÄìAirport,49.194388,-123.1787194,ChIJeZ5ZljULhlQRrUGGuqZ09iU,Google,38.105669493737395
Pret A Manger,4.0,27,Marine Drive Station,49.209364,-123.116783,ChIJB4k2Q4x1hlQRLiybXd8gcIQ,Google,38.13336371190987
Sushi Maro Japanese Restaurant,4.0,735,Yaletown-Roundhouse Station,49.2749058,-123.1218909,ChIJN4qi39ZzhlQRlzqSDb047TY,Google,41.17360888552009
Super Great Pizza,4.3,773,Joyce‚ÄìCollingwood,49.23833740000001,-123.0323357,ChIJHYr6fJR2hlQRV2V1pZHsMz4,Google,42.14442282586312
Pho Extreme Xe Lua,3.5,618,Broadway-City Hall Station,49.2633374,-123.1142824,ChIJddpmg91zhlQRn2cLhqMPhTs,Google,42.184349883534495
Subway,3.7,267,Marine Drive Station,49.20987299999999,-123.116526,ChIJt1XIlfZ0hlQRYtNkGawG2Es,Google,42.394510709899585
Pret A Manger,4.0,9,Broadway-City Hall Station,49.2633754,-123.1144271,ChIJvwZmUqRzhlQRDOTS_7MndFg,Google,42.82014750015486
European sausage,0.0,0,Yaletown-Roundhouse Station,49.274624,-123.1225223,ChIJXa1lbmNzhlQR2mzHyRDjOBo,Google,43.347496686225206
Rogue Kitchen & Wetbar,4.1,2259,Waterfront Station,49.2853348,-123.1114376,ChIJIft1c3hxhlQR8Nk5KKui3cM,Google,45.32812480605172
A&W Canada,3.9,725,Broadway-City Hall Station,49.2634018,-123.1144239,ChIJgw2RnN1zhlQR76HP_Ryxov8,Google,45.74678740931155
MeeT in Yaletown,4.4,1794,Yaletown-Roundhouse Station,49.2749415,-123.1217991,ChIJF6Rk5dZzhlQR8azs1JE8fCk,Google,46.134553428953446
Marulilu Caf√©,4.5,787,Broadway-City Hall Station,49.2633339,-123.1141116,ChIJURqm2VhxhlQRH6dgfKE3Svk,Google,48.665113478436034
A&W Canada,3.8,656,Waterfront Station,49.2859947,-123.112256,ChIJ-7BJQX9xhlQR-vHYJge7GzM,Google,49.66973520668726
Salsa & Agave Mexican Grill,4.3,849,Yaletown-Roundhouse Station,49.2740868,-123.122011,ChIJ0W5RJtdzhlQR65k9gmpLNs8,Google,50.314009379811445
Tim Hortons,3.5,559,Marine Drive Station,49.209288,-123.11662,ChIJ-Tde7PZ0hlQRpkUIYsbj4cA,Google,51.464366497080576
Neptune Palace Seafood Restaurant (Vancouver),3.7,599,Marine Drive Station,49.21004800000001,-123.116603,ChIJs-JX3rZ1hlQRs_1BTeome-4,Google,51.809961339049835
The Flying Pig Yaletown,4.2,2272,Yaletown-Roundhouse Station,49.2750232,-123.121994,ChIJR-oj79ZzhlQRPxQ0DJ-fZRI,Google,54.21641531663467
Chambar Restaurant,4.5,3529,Stadium-Chinatown,49.2801271,-123.1099351,ChIJq2tI6HtxhlQRBaKUv59cS9E,Google,54.67267977632412
Mosaic Grille & Bar,4.2,200,Burrard,49.2850955,-123.1205419,ChIJ0xgBlYFxhlQRJXKhZLI71wE,Google,56.450804795001005
Freshslice Pizza,0.0,0,Oakridge-41st Avenue,49.2332718,-123.1158825,ChIJYdzEE7F1hlQRb8Zdf72rI5s,Google,56.85213982950238
Freshslice Pizza,4.5,265,Yaletown-Roundhouse Station,49.2740467,-123.12217,ChIJewgZJNdzhlQRD_KKU1jFZbg,Google,57.00674585841993
Subway,3.9,106,Yaletown-Roundhouse Station,49.2740632,-123.1222686,ChIJbffmJtdzhlQRaG6duBX7QVs,Google,57.819654132422066
Freshslice Pizza,4.2,564,Joyce‚ÄìCollingwood,49.2378741,-123.0320064,ChIJlb7JeJR2hlQR5ymQR-AY8kw,Google,58.358564332811916
Donair Land,3.8,253,Joyce‚ÄìCollingwood,49.238433,-123.0325759,ChIJcWF3fpR2hlQRFKfCDUkGeKk,Google,59.76570824589936
Dog Eat Corndog,4.4,38,Joyce‚ÄìCollingwood,49.2381153,-123.031018,ChIJR8e2Sed3hlQR5Fu8sfeHZbg,Google,60.88650575188086
Capo & The Spritz,4.3,279,Yaletown-Roundhouse Station,49.2747185,-123.1227321,ChIJf19vi-tzhlQRQ4fkeaIDiLc,Google,60.916337558921185
Dublin Crossing - Vancouver,4.1,1384,Marine Drive Station,49.20950819999999,-123.1161917,ChIJIa_ZePZ0hlQR6Uj67grEe7o,Google,62.80245654563747
Devil's Elbow Ale and Smoke House,4.3,1694,Stadium-Chinatown,49.28020910000001,-123.1097658,ChIJKykD6HtxhlQRohz10KUI68M,Google,63.192950951251966
Padre Taco,3.9,15,Burrard,49.2860793,-123.1197614,ChIJkWE_KIJxhlQRV2u7R06eo4Q,Google,66.76459743914867
Uncle Fatih's Pizza - COMMERCIAL,4.2,811,Commercial-Broadway Station,49.2624933,-123.0701357,ChIJCQkB2U5xhlQR_XAoih1nlgs,Google,66.82544063296335
Jam Cafe,4.5,3301,Stadium-Chinatown,49.2802619,-123.1096419,ChIJUYBL3XtxhlQRrOYhW5_6DYc,Google,70.09700311774453
Panago Pizza,3.6,79,Marine Drive Station,49.2100801,-123.1178274,ChIJ17xXj651hlQRBNEnhBKcBGM,Google,74.29319878335313
Pink Elephant Thai,3.3,571,Marine Drive Station,49.2101116,-123.1162481,ChIJsyhPhfZ0hlQRw6qOhBW14eg,Google,74.53416411361141
Landmark Hotpot House,4.1,596,King Edward Station,49.2498405,-123.1155811,ChIJx3HmbvJzhlQRHVKLidWMFCU,Google,75.36499607289552
Chicko Chicken,4.2,76,Joyce‚ÄìCollingwood,49.2378781,-123.0325626,ChIJX8ommVZ3hlQRWytJh-L2ApU,Google,80.27945897731367
Hapa Izakaya Yaletown,4.4,841,Yaletown-Roundhouse Station,49.2751544,-123.1226015,ChIJW8fi6NZzhlQRjKvR2NBsVkc,Google,83.77548712830523
Five Fifty,0.0,0,Stadium-Chinatown,49.2803238,-123.1092944,ChIJAQCww3txhlQRtv5ZVEP-lqY,Google,84.72761269140288
Cactus Club Cafe Yaletown,4.2,1698,Yaletown-Roundhouse Station,49.27507139999999,-123.1227765,ChIJTazswtZzhlQRuZas9GX26-I,Google,84.9471109479963
Charisma Social Club House,4.2,316,Stadium-Chinatown,49.2799406,-123.1087145,ChIJrRJmv3txhlQR3MkGD9d3OPA,Google,86.47250239381766
PLATO FILIPINO,4.0,226,Joyce‚ÄìCollingwood,49.2378227,-123.0326023,ChIJszuUd5R2hlQRbQhmff6xKJQ,Google,86.63798943676666
Grab N Go Yaletown,4.5,73,Yaletown-Roundhouse Station,49.27488,-123.1230139,ChIJwYlYQBBzhlQRsfAcRUL1FVU,Google,86.75471030194599
Food Court & Stops,5.0,3,Waterfront Station,49.2849601,-123.1122362,ChIJw7YZW3hxhlQRQZ_37JRsNnQ,Google,86.89823338244136
Mamalee - Chinatown,4.0,34,Stadium-Chinatown,49.2796087,-123.108583,ChIJbSbJ949xhlQRZrEGqFDXlXc,Google,89.44471311549563
Rodney's Oyster House,4.4,1941,Yaletown-Roundhouse Station,49.2743262,-123.1231342,ChIJ9R182tZzhlQRgBcJ3U3p7t8,Google,89.75551443883612
Zab Zaab Thai Cuisine,4.6,182,Yaletown-Roundhouse Station,49.2748699,-123.1230725,ChIJxxoMHmJzhlQRaACSINH-s0o,Google,90.12494872182296
Egg Sammie,0.0,0,Yaletown-Roundhouse Station,49.275047,-123.1209698,ChIJwQoo-tZzhlQRKTzF5hkx2DU,Google,90.38970210541582
Ojik Kimchi Stew,0.0,0,Yaletown-Roundhouse Station,49.275047,-123.1209698,ChIJLa7k-9ZzhlQR9X73Ipmna3c,Google,90.38970210541582
Mapo Pancake House,4.2,172,Yaletown-Roundhouse Station,49.275047,-123.1209698,ChIJIzLWbzZzhlQR2agN1WfYoqk,Google,90.38970210541582
JOY CAFE,4.3,671,Marine Drive Station,49.2099139,-123.1182105,ChIJoUtzdT51hlQRW7qkx65gkZU,Google,90.63399712406738
Pampanga‚Äôs Cuisine Home of the Original Sisig,3.9,345,Joyce‚ÄìCollingwood,49.2377663,-123.0326436,ChIJT-i_d5R2hlQRxbS0E4eSpaw,Google,93.21977134949633
Obanhmi,4.4,62,Yaletown-Roundhouse Station,49.2739094,-123.1227989,ChIJObd2OjlzhlQRiNQ5u2SsGIA,Google,93.55302513625172
Sushi TonTon,4.3,624,King Edward Station @ Platform 1,49.2498517,-123.1150166,ChIJDxxK9V9zhlQRKohrRXdNE-w,Google,95.85829241217493
OutTakes Backstage Bistro,3.8,16,Marine Drive Station,49.2098053,-123.1157048,ChIJyeuOjfZ0hlQR12QUl0ajRFk,Google,96.71716869732339
Kumare Express,3.8,63,Joyce‚ÄìCollingwood,49.237739,-123.0326836,ChIJgU0ndpR2hlQRnROSZ_q1ops,Google,97.42079093181181
PappaRoti,4.5,207,Stadium-Chinatown,49.2800689,-123.1086346,ChIJQSQvv3txhlQRWKVZ9SMI-0M,Google,97.91983134660967
KAIBA BAR & GRILL INC,0.0,0,Waterfront Station,49.2852022,-123.1129049,ChIJN6XdPORxhlQRDKz-qFv8iSo,Google,97.9725740395303
Thai Box On Truck,4.7,16,Joyce‚ÄìCollingwood,49.2376298,-123.03102,ChIJRVgtnZN2hlQRAIsn7LgPKWM,Google,98.50031422781657
Cactus Club Cafe Bentall 5,4.3,2577,Burrard,49.285532,-123.1188185,ChIJLwP4IIJxhlQRN41rdASKST0,Google,100.51162086465281
Bates Restaurants Ltd,0.0,0,Commercial-Broadway Station,49.2617465,-123.0696091,ChIJE5Oqxk5xhlQRqNwaMRGwmqU,Google,101.1434132141758
Robba da Matti (Yaletown),4.2,946,Yaletown-Roundhouse Station,49.2753626,-123.1212277,ChIJXeMk-NZzhlQRLt5fF5PwNiY,Google,105.35344379309214
Chipotle Mexican Grill,4.0,946,Broadway-City Hall Station,49.26307389999999,-123.1159946,ChIJYR_Rbt1zhlQRZOrzKuGXecA,Google,105.85024922868918
Hon's Wonton House - Broadway Station,3.9,154,Commercial-Broadway Station,49.2624958,-123.0707055,ChIJu9A8CcJxhlQRVEvt0cy4TUM,Google,107.5325444834108
Pizzeria Ludica,4.4,952,Stadium-Chinatown,49.2800991,-123.1084968,ChIJewa9uHtxhlQRnYSaSWWfdKM,Google,108.30674207614615
ËúÄËéä Grand Chinese Yaletown Restaurant (Order from our Website & Save More !),4.2,298,Yaletown-Roundhouse Station,49.2746929,-123.123435,ChIJM3OO5mdzhlQRwLhy5GSk-DU,Google,109.8440436378947
My Toan,3.7,25,Waterfront Station,49.2846966,-123.1119349,ChIJHfhJIFN3hlQRSggFFifaYx8,Google,110.001411849713
Harbour Spoon,4.4,110,Waterfront Station,49.2846966,-123.1119349,ChIJBxmyyfdxhlQRjNpqKe1wZlw,Google,110.001411849713
Thai Express Restaurant Vancouver,2.5,28,Waterfront Station,49.284696,-123.1119341,ChIJTzd5Z3hxhlQRaDtQ7ez6khc,Google,110.06144336447502
Globe@YVR,4.0,220,Yvr‚ÄìAirport,49.19505119999999,-123.1774388,ChIJBTX_rTULhlQRPE4_RMc32ic,Google,111.57640054142779
Hungry Guys Kitchen,4.8,14,Granville,49.2842797,-123.1158508,ChIJv-DKCeBxhlQRW0kc0CVn9XM,Google,111.73614392513444
Bistro Sakana Vancouver,4.3,521,Yaletown-Roundhouse Station,49.2753916,-123.1211292,ChIJq9wc-NZzhlQRVP_vVQAyk8o,Google,111.7647973324177
Peaceful Restaurant,4.0,787,Broadway-City Hall Station,49.26307540000001,-123.1160799,ChIJTV7Wbd1zhlQRNNf29oteTuM,Google,112.03390657633521
Minami,4.5,3037,Yaletown-Roundhouse Station,49.2751989,-123.1207236,ChIJ9xLK-dZzhlQRIghtObN7n-A,Google,114.9118323696993
Thai Express Restaurant Vancouver,3.4,154,Vancouver City Centre,49.283333,-123.117736,ChIJp--ubH9xhlQRdMQC-MmTYAw,Google,115.19359745293163
Hawksworth Restaurant,4.4,1506,Vancouver City Centre,49.2834532,-123.1192387,ChIJSQDA8oZ0hlQR_IFn3VHeS4w,Google,118.46371158273143
Brix and Mortar,4.3,1246,Yaletown-Roundhouse Station,49.2756123,-123.1219105,ChIJl9xLjNZzhlQR7-ndY8Asql8,Google,119.5982093060802
Urban Crave,2.1,43,Yvr‚ÄìAirport,49.195288,-123.1785255,ChIJocxXs8kLhlQR4QN3ZJkpkPE,Google,121.42267261140438
Kuroi Sushi,4.1,30,Burrard,49.2863681,-123.1190724,ChIJVVWVLYJxhlQRsCIsgOUXwEE,Google,122.28658141108282
Pajo's Yvr Airport,3.8,41,Yvr‚ÄìAirport,49.1952864,-123.1778697,ChIJ7Z3qGUoLhlQRPKn0sff0VtY,Google,123.37018003166433
Daddy's Kitchen,4.3,305,Commercial-Broadway Station,49.2615324,-123.0696135,ChIJY7OswU5xhlQRhciL6HRmAMI,Google,124.31685697607398
Thai Hang,2.4,78,Yvr‚ÄìAirport,49.1953273,-123.1783231,ChIJ5WXnYjMLhlQRYm7hx--pUuc,Google,124.44805002455716
Commercial Sushi,4.2,366,Commercial-Broadway Station,49.261623,-123.0700176,ChIJEXuDOG1xhlQRW5nLfmvymJM,Google,124.80826281281644
Top Of Vancouver Revolving Restaurant,4.2,2733,Waterfront Station,49.2845838,-123.1121818,ChIJfe2sYHhxhlQRYY79aUl69vw,Google,125.49824381859926
Bubble Waffle Cafe (Cambie),2.6,45,Marine Drive Station,49.2107578,-123.1165243,ChIJV-dFQG91hlQRdfDOs5dpyrk,Google,126.20406978500561
Rice 'N Spice,4.0,43,Waterfront Station,49.2845623,-123.1121817,ChIJheSDYHhxhlQRRdh59OFQqgA,Google,127.81981458358001
Saigon Xua Vancouver,3.9,140,Yaletown-Roundhouse Station,49.2744337,-123.123706,ChIJs8dj47pzhlQRAsN-T6gsiKg,Google,128.63928944240612
Little Saigon Yaletown,3.9,391,Yaletown-Roundhouse Station,49.2737722,-123.1232712,ChIJp_ZHKtdzhlQRw9xXAEHu3m8,Google,128.68020489765658
Zaatar w Zeit,4.6,834,Waterfront,49.28437599999999,-123.115583,ChIJZV-t8GVxhlQR_e49w10QaFQ,Google,129.77235372284906
Panago Pizza,3.9,91,Yaletown-Roundhouse Station,49.27375139999999,-123.1232728,ChIJudvxKtdzhlQRGvL6jyfnocY,Google,130.30622670326454
Mount Everest Kitchen & Grill,4.7,998,Granville,49.2835226,-123.1143514,ChIJwfjJ0MdxhlQR7n2U3xYI-Jk,Google,131.78465150131115
Cioppino's Mediterranean Grill,4.6,615,Yaletown-Roundhouse Station,49.2757199,-123.1217486,ChIJXd-B9NZzhlQRXZXEHdBn71E,Google,132.2738452344178
The Stock Room,4.3,153,Yaletown-Roundhouse Station,49.2757334,-123.1223227,ChIJ17PG8TJzhlQR4Edd5h5LZps,Google,135.91236461488705
Hundy,4.4,623,Yaletown-Roundhouse Station,49.2757377,-123.122299,ChIJa3ZV1dRzhlQR_GgH_nugctc,Google,136.04075625281493
Glowbal,4.3,3846,Vancouver City Centre,49.28153140000001,-123.1173984,ChIJ184e4X5xhlQREgkeHvFAYwE,Google,136.50039040242362
Fiasco Pizza Company,1.0,1,Yaletown-Roundhouse Station,49.2756172,-123.1210361,ChIJ26LK99ZzhlQReLXlcF3jBRU,Google,136.85365183052397
McDonald's,3.5,644,Broadway-City Hall Station,49.2635405,-123.1162715,ChIJuXRpDd1zhlQR0yATbh-djVA,Google,139.3603383459539
Yolks,4.1,1560,Broadway-City Hall Station,49.2630774,-123.1164679,ChIJ-z29a91zhlQRgI2lflpubNM,Google,140.13548561621988
Subway,3.0,160,Joyce‚ÄìCollingwood,49.23724259999999,-123.0326314,ChIJ0epZjJN2hlQRpw5lwXeouy0,Google,140.81016742863173
TAKO - Taqueria Korean,4.3,825,Stadium-Chinatown,49.2788899,-123.1082342,ChIJIwA4nntxhlQRBmzcXjGwJRQ,Google,141.90874005621828
Ki Isu Japanese Restaurant,4.3,368,Yaletown-Roundhouse Station,49.27370819999999,-123.1234654,ChIJSUTFKtdzhlQRJkhDS0tv2bw,Google,144.0121183920948
Alouette Bistro,4.2,327,Burrard,49.2853077,-123.1182531,ChIJQ3EWTtpxhlQR8AOWxpM5tBY,Google,144.09543116727875
Sushi Den,4.0,1090,Stadium-Chinatown,49.2794237,-123.1078451,ChIJ68VbpHtxhlQRr5Jty3Sb-Vo,Google,144.9384810234606
Guu with Otokomae,4.2,915,Waterfront Station,49.2847191,-123.1103983,ChIJP0wBP3hxhlQR5bMiXWGm6Zs,Google,145.9966386581061
McDonald's,3.4,4299,Main Street-Science World,49.2718666,-123.1006106,ChIJO1V_sWZxhlQR69RUQ1rHcb0,Google,146.38019969733287
Japanese Bistro Kamome,4.5,288,Joyce‚ÄìCollingwood,49.2371995,-123.0327017,ChIJp0mGi5N2hlQRuzczZkNzA9A,Google,147.40743665347648
Sushi California,4.2,2032,Broadway-City Hall Station,49.262935,-123.1125047,ChIJ7bBsit1zhlQRtzvtW59ZWjM,Google,147.8976581002025
Samurai Sushi House,3.9,1007,Oakridge-41st Avenue,49.2318904,-123.1159603,ChIJo_2vlHB0hlQR6RN_OGTAvBw,Google,149.17616928520908
Freshbowl,4.4,232,Yaletown-Roundhouse Station,49.2742186,-123.1199149,ChIJEdgLCNdzhlQRi5LkuYIevCo,Google,151.11270177501567
Tacofino Oasis,4.4,489,Burrard,49.2868613,-123.1196335,ChIJi3Q2zoNxhlQRvZpoJv2kebA,Google,151.26625170945917
Tasty Indian Bistro | Yaletown,4.3,2094,Yaletown-Roundhouse Station,49.2742811,-123.1240125,ChIJZTIYBNBzhlQRGKVpjg2ZmPI,Google,153.02919368016603
Freshii,3.1,55,Yvr‚ÄìAirport,49.1955211,-123.1775609,ChIJ59HrljULhlQRcDHAEpYgqdc,Google,154.83541983706675
Saku Broadway,4.4,857,Broadway-City Hall Station,49.2630923,-123.1166759,ChIJQdEZYpBzhlQRwNpmnXQnBxU,Google,155.3051170784796
Momo Sushi,4.2,1811,Waterfront Station,49.284686,-123.110254,ChIJP0wBP3hxhlQRTAaG6y4I_nQ,Google,155.90789174518545
JOEY Bentall One,4.3,1667,Burrard,49.28647100000001,-123.1185567,ChIJ0T6uN4JxhlQRlqiDjRbDiHA,Google,157.15588328659754
Stock & Supply,4.7,146,Waterfront,49.2841681,-123.1127093,ChIJsfqmXW9xhlQR0zvog-Llg8I,Google,158.32641183606214
Elisa,4.5,1836,Yaletown-Roundhouse Station,49.27596430000001,-123.1214134,ChIJhcHC8TBzhlQRPsVWKk8ZNJQ,Google,163.25106071653985
Kita No Donburi,4.3,885,Waterfront Station,49.284594,-123.113304,ChIJocSPi3hxhlQRWXF8ze-OOZI,Google,164.2015755459077
Yopo Sweet Mandarin,4.0,36,Yaletown-Roundhouse Station,49.2760317,-123.1218906,ChIJVQHei9ZzhlQR7LUiZK3ewuw,Google,166.25288085527802
Aladdin Caf√©,4.0,365,Vancouver City Centre,49.2809908,-123.1189847,ChIJAQBAvH9xhlQRr9iI1i0f_UI,Google,166.5906991891872
Hula Poke Yaletown,3.9,115,Yaletown-Roundhouse Station,49.2755843,-123.1202951,ChIJF61yx_9zhlQR2I-9s4VW3_w,Google,166.74148868382358
Fortune Express,2.7,34,Burrard,49.28660259999999,-123.1185528,ChIJzUjcSYJxhlQRdcQLxWwf-vc,Google,167.2358539869073
The Grill,4.0,1,Waterfront,49.28653550000001,-123.115292,ChIJY0IWYIJxhlQR14Oc8XS_E7M,Google,169.47569985757238
Earls Kitchen + Bar,4.1,2568,Yaletown-Roundhouse Station,49.2757745,-123.1205683,ChIJ84uJWdZzhlQRW_JFwEYZIgY,Google,169.8209278305529
1931 Gallery Bistro,4.0,324,Vancouver City Centre,49.2830077,-123.1208179,ChIJH4ScrwVxhlQRk74FDsvybDE,Google,170.79564969365558
Diva at the Met,4.1,158,Granville,49.28392299999999,-123.1183181,ChIJVTmSWX9xhlQRj3wKEpEEbOU,Google,173.30205109273646
ÂèØÁà±ÁöÑÊñ∞ÁñÜ Lovely Uyghur (Order from our website & SAVE MORE!),4.3,86,Joyce‚ÄìCollingwood,49.2395134,-123.0301247,ChIJ-Yy0ms53hlQRfVU8tFxnGKg,Google,173.58431278048613
Pajo's Fish & Chips at YVR Airport,4.0,82,Yvr‚ÄìAirport,49.1957495,-123.1778705,ChIJzakqDCkLhlQR5FObRjodJMk,Google,173.81392936148384
Tim Hortons,3.6,7,Yvr‚ÄìAirport,49.1957495,-123.1778705,ChIJUQOQYhALhlQR3OzrJIvmF3w,Google,173.81392936148384
Miku Vancouver,4.5,6213,Waterfront Station,49.2870179,-123.1130107,ChIJlyu4u4NxhlQRkUpN_iFwl8Q,Google,173.86710701929636
Qieu Cafe,3.5,78,Stadium-Chinatown,49.2793436,-123.107433,ChIJKR07pHtxhlQR-2Q45lIzU0s,Google,175.9416677302846
Subway,3.6,240,Main Street-Science World,49.2747643,-123.1003084,ChIJYfoATWRxhlQRX2IkHv_iZA4,Google,177.08164623813897
The Loft at Earls Yaletown,4.9,13,Yaletown-Roundhouse Station,49.2758583,-123.1205682,ChIJQ-XeGelzhlQR6YyOgzXFzG0,Google,177.45995821018428
A&W Canada,3.9,164,Main Street-Science World,49.2737908,-123.0980653,ChIJv_mvUoV0j1QRhJrRxvVgQOI,Google,179.46738142441546
AFTERNOON TEA,3.4,5,Yvr‚ÄìAirport,49.1949175,-123.1760053,ChIJWxi52dELhlQRbhfYISTiOfo,Google,182.63992924104534
Blue Water Cafe,4.7,2637,Yaletown-Roundhouse Station,49.276155,-123.1211291,ChIJZ04tZ9ZzhlQRDsJZp_cOS4U,Google,189.29549560418437
Sauzzy Thai,3.8,26,Vancouver City Centre,49.2825052,-123.1212386,ChIJu4v9j39xhlQRhhc3m6qj6E0,Google,190.5140743219624
Wendy's,2.9,123,Yvr‚ÄìAirport,49.19375540000001,-123.1808145,ChIJ1x3MVzQLhlQR3QYoSvOdwLE,Google,191.46067121858195
Frying Pan food truck,4.8,236,Burrard,49.2865291,-123.1180292,ChIJawk2NIJxhlQRM-gFv9acuI8,Google,191.48040712585203
Tokyo In April,4.6,758,Stadium-Chinatown,49.2803961,-123.1074175,ChIJpfo-D8FxhlQRukneHiPAh7o,Google,193.08728860182657
Ekki Sushi,4.8,66,Main Street-Science World,49.2737759,-123.097836,ChIJLRXw-d9xhlQRjcK4-lNjovI,Google,194.35742920264897
Euro Cafe,2.1,23,Yvr‚ÄìAirport,49.1949414,-123.1807049,ChIJMzpOaDYLhlQR_yp17xyFfFs,Google,194.62226715389036
Kyle's Cafe,4.2,345,Commercial-Broadway Station,49.2609377,-123.0700155,ChIJcei3k05xhlQR4p79ES3nnj8,Google,195.73760615518844
Notch8 Restaurant & Bar,4.0,971,Burrard,49.2838005,-123.1205637,ChIJg_-i0YFxhlQRIF9uO3r3DmM,Google,196.58706583196633
Nightshade,4.4,320,Yaletown-Roundhouse Station,49.2759801,-123.120331,ChIJY5GsAa9zhlQR0SpGxNXeOXI,Google,198.4347971855642
Bonjour Banh Mi,4.7,175,Oakridge-41st Avenue,49.2348627,-123.1158306,ChIJ5xtDLQV1hlQR8pklY7YkgrQ,Google,198.8476154075435
Tsuki Sushi Bar,4.2,654,Stadium-Chinatown,49.28090290000001,-123.1078361,ChIJJ8YrM3pxhlQR3p8xNI44_Q4,Google,200.68132822005583
Cactus Club Cafe Broadway + Ash,4.3,1879,Broadway-City Hall Station,49.26340829999999,-123.1172433,ChIJhz9CFt1zhlQRpJSOgRKv9CA,Google,201.36880206711038
Gotham Steakhouse & Cocktail Bar,4.6,2271,Vancouver City Centre,49.282901,-123.1158845,ChIJVQQVMn9xhlQRfFSHaGDN_EY,Google,203.63312568985594
Tim Hortons,3.6,853,Stadium-Chinatown,49.2809294,-123.1078014,ChIJfe2sYHhxhlQRtW9a0T_FIcg,Google,204.5412687707061
B House Restaurant,4.7,395,Commercial-Broadway Station,49.2644549,-123.0695255,ChIJzZFcYSdxhlQRBEix0Q2qvxg,Google,204.7749105923614
Einstein Wrap House,4.6,207,Stadium-Chinatown,49.2805954,-123.1073809,ChIJ9TZnM3pxhlQRWaIsRG6m3-E,Google,205.9665268839431
Sushi Taku,4.6,795,Joyce‚ÄìCollingwood,49.2398371,-123.0300193,ChIJj_VEyJR2hlQR3YYnLXC4neE,Google,205.97802824825195
Mr. Pan Pizza,0.0,0,Joyce‚ÄìCollingwood,49.2398415,-123.0300184,ChIJX_5ut5R2hlQRDLb20IHU_vo,Google,206.40485810917124
Sushi Tendo,3.9,307,Olympic Village Station,49.2646944,-123.1150946,ChIJ8U0e2eZzhlQRZ8ywfuy8q0k,Google,208.73263985630865
Al Porto Ristorante,4.1,868,Waterfront Station,49.2846851,-123.1093157,ChIJM297MXhxhlQRzeNbCU0As9E,Google,209.5899219794074
The Poke Guy,4.6,1068,Waterfront Station,49.2838016,-123.1120496,ChIJoXAI-XhxhlQRsRZg0KF8PpI,Google,209.85107732505517
Fable Diner & Bar,4.0,191,Vancouver City Centre,49.28081479999999,-123.1171994,ChIJuXFBkIFxhlQR9YKRJsK4Z8w,Google,210.59768190993654
Sushi Okeya Kyujiro,4.8,38,Yaletown-Roundhouse Station,49.275804,-123.1197521,ChIJ51q_vUZzhlQRCCFO2VqvuQ4,Google,212.23277942499936
The Wine Bar at Provence Marinaside,4.2,94,Yaletown-Roundhouse Station,49.2733585,-123.1196179,ChIJ3eBabtdzhlQRGlvqoQg7tUQ,Google,213.41835710774052
Provence Marinaside,4.3,1794,Yaletown-Roundhouse Station,49.27333369999999,-123.1196165,ChIJdxpZbtdzhlQRlCpofbKCaEQ,Google,215.20205215623946
Bellaggio Cafe,4.1,1064,Vancouver City Centre,49.282985,-123.1215366,ChIJk00Zh39xhlQRjRnoDJVznSQ,Google,219.70500620082709
Little Bangkok Thai Kitchen 2,4.8,90,Stadium-Chinatown,49.2804356,-123.1070259,ChIJsc0iEHlxhlQRNaXy8TDmIJ4,Google,220.74037864386085
ARC RESTAURANT,4.4,1207,Waterfront Station,49.2871637,-123.1138361,ChIJt-b1wYJxhlQRHVfYyeEQUDo,Google,222.87845599732265
Field & Social Yaletown,4.7,94,Yaletown-Roundhouse Station,49.2759405,-123.1197293,ChIJ4T0Ha0hzhlQR2SGIM1U6drU,Google,223.780929775688
Tractor Foods,4.1,489,Vancouver City Centre,49.2804684,-123.1181259,ChIJ721MUH5xhlQR0k6c0nxlXzk,Google,225.26393063675366
McDonald's,3.2,1021,Stadium-Chinatown,49.2808074,-123.1072714,ChIJfViWMXpxhlQR6op4X183_dY,Google,225.48968480753626
Torimaru Ramen,4.5,106,Stadium-Chinatown,49.2799525,-123.1067378,ChIJX7ogl0BxhlQRsv0hjOz2mPc,Google,225.8790884476181
OEB Breakfast Co.,4.5,2130,Yaletown-Roundhouse Station,49.2734565,-123.119265,ChIJq2mxU7xzhlQRJQw6V0QuGrg,Google,228.23587912562584
Shabusen Yakiniku House,3.6,2904,Burrard,49.2839896,-123.122322,ChIJ5Ts9M4BxhlQR_rjCXBU5V_M,Google,231.98271605038272
JJ's Restaurant at Vancouver Community College,4.3,36,Stadium-Chinatown,49.2816469,-123.1106988,ChIJCXRHbXlxhlQRY8leL89SfeY,Google,232.00202560070983
Paramount Fine Foods,4.2,2646,Vancouver City Centre,49.2803768,-123.1186155,ChIJ6V0dsH9xhlQRk29NnlBwvDs,Google,232.6646745310008
Subway,3.8,205,Marine Drive Station,49.2085891,-123.1197921,ChIJy8m911h0hlQRVlxnrYOEqvM,Google,234.51652421571816
Rogue Kitchen & Wetbar,4.1,967,Broadway-City Hall Station,49.2630556,-123.1177778,ChIJK9NJOd1zhlQRY-XZFQ3BFBQ,Google,234.99468308549086
Tractor Everyday Healthy Foods - Ash & Broadway,4.2,283,Broadway-City Hall Station,49.2635163,-123.11773,ChIJCTNlIt1zhlQRy8IWLc3zfR4,Google,238.51754581829348
The Greek By Anatoli,4.2,1388,Yaletown-Roundhouse Station,49.2762132,-123.1198874,ChIJB2d6QdZzhlQR73eNQzmpLC8,Google,238.5690947086487
TacoTime International Village,3.3,83,Stadium-Chinatown,49.2799647,-123.1065625,ChIJ6SNusXtxhlQRvxaJdX2oVB4,Google,238.65390129637225
White Spot Dunsmuir,4.2,1611,Granville,49.2819406,-123.1135203,ChIJmYqZ03hxhlQR6ClQDmSeZZ8,Google,241.8817088730496
Tim Hortons,3.1,155,Yvr‚ÄìAirport,49.1933578,-123.1813397,ChIJB7lhwDULhlQRm-mnoyzefyM,Google,242.12234300439206
La Terrazza,4.3,686,Yaletown-Roundhouse Station,49.2749864,-123.1186718,ChIJv7MHrtdzhlQRz141l-V5w3k,Google,242.3029000165256
TINA Vietnamese,4.3,45,Stadium-Chinatown,49.27998179999999,-123.1065077,ChIJ6SNusXtxhlQRbbgjk3xtQPI,Google,242.8733060381316
O Sushi Downtown Vancouver,4.3,896,Granville,49.2818867,-123.1187237,ChIJO0LPCH9xhlQRtHB0Sv8zzcI,Google,244.3648058477049
Holts Caf√© | Contemporary Canadian Cuisine,4.2,125,Vancouver City Centre,49.2841077,-123.1163475,ChIJ2ZxXrXhxhlQRwQP4VnQVxJI,Google,245.33790026493926
Ryo Japanese Food,4.5,22,Stadium-Chinatown,49.2800039,-123.1064618,ChIJZapZMXpxhlQR5DEIKEds2xk,Google,246.5522503560076
The Italian Chef,0.0,0,Yaletown-Roundhouse Station,49.274984,-123.118611,ChIJKbt3sddzhlQRG5uE90FWNFY,Google,246.5666460082131
Nuba in Yaletown,4.2,1244,Yaletown-Roundhouse Station,49.2758974,-123.1246255,ChIJZZP6HNRzhlQRTgKreAfu7O4,Google,246.66795519606623
Japadog,3.5,43,Yvr‚ÄìAirport,49.19359739999999,-123.1816024,ChIJp5UVDhoLhlQRuhpWIAhxVlI,Google,251.3270531038826
A&W Canada,3.9,429,Yvr‚ÄìAirport,49.1937139,-123.1816607,ChIJQ5O9QjYLhlQRSuvq2gHNkSw,Google,252.27015029709426
Viet Sub Vietnamese Cuisine,4.6,648,Vancouver City Centre,49.2801928,-123.1182542,ChIJh8ZyW35xhlQRvGhhR6vDQXg,Google,254.45677164784672
Take Urban Cafe,4.5,56,Main Street-Science World,49.2754725,-123.1001711,ChIJdwkw7QlxhlQRM8sFXGiYHpI,Google,256.1333256600913
Banter Room,3.9,874,Yaletown-Roundhouse Station,49.2763585,-123.1197716,ChIJy9N3R9ZzhlQRhcyU8dkLAmU,Google,256.45980612666403
Falafel King Mediterranean Food,4.2,221,Vancouver City Centre,49.2801505,-123.1181759,ChIJD-lQW35xhlQRBTsB0kvH52c,Google,259.76758437149454
Water St. Caf√©,4.2,1457,Waterfront Station,49.2841111,-123.1091139,ChIJ28IuM3hxhlQRJGgeE-4_z58,Google,259.9027431931657
Pholicious üçú Vietnamese üçú Restaurant,4.6,671,Waterfront,49.2830546,-123.1126879,ChIJZQfQ9XhxhlQRB6bAuVgAcwY,Google,261.2109994170368
Stanley Park Tap House,3.9,1689,Yvr‚ÄìAirport,49.1921541,-123.1800214,ChIJp6oGkTULhlQRKf3hgZi29bg,Google,261.4171993583744
Bodega on Main,4.4,1643,Main Street-Science World,49.27548710000001,-123.0996839,ChIJT_bIqGVxhlQRlgkDlyIY9gg,Google,261.9241496253115
Black Frog Eatery,4.2,791,Waterfront Station,49.2846538,-123.1084894,ChIJkz2yLnhxhlQRP2X5ZpybBe0,Google,263.89417460465654
Carl's Jr.,1.7,204,Yvr‚ÄìAirport,49.19253579999999,-123.180901,ChIJSZwubWwLhlQRfERy3vZXvlY,Google,266.60599993629444
Bali Thai,4.7,313,Stadium-Chinatown,49.280272,-123.106242,ChIJrz9USnpxhlQRyONR3eKidt4,Google,268.4929452936032
Giant Panda Szechuan Cuisine,4.1,15,Stadium-Chinatown,49.2803127,-123.1062551,ChIJ6SNusXtxhlQROvNttOswoPI,Google,268.7965256813662
Sushi Dragon,4.4,612,Broadway-City Hall Station,49.2630592,-123.118249,ChIJmQI8Ot1zhlQRIXIVIuJ4yis,Google,269.18569737058226
Baby Dhal Roti Shop,4.6,207,Commercial-Broadway Station,49.260254,-123.0700017,ChIJd0VKE4ZxhlQRdCzrEdoAbpo,Google,269.21009619591854
WestOak,4.2,1068,Yaletown-Roundhouse Station,49.2764678,-123.119667,ChIJD6OOP9ZzhlQRtZ51tB6locg,Google,270.71699552170054
McDonald's,3.6,620,Waterfront Station,49.2875344,-123.1142855,ChIJuTxh_YJxhlQRyA1xfPCJ6y4,Google,275.32902420380907
Tacofino Yaletown,4.3,1654,Yaletown-Roundhouse Station,49.27646319999999,-123.1195495,ChIJAQDwP9ZzhlQRSFSw-o6-Wck,Google,275.5940488305989
The Parlour,4.2,1787,Yaletown-Roundhouse Station,49.2767724,-123.120292,ChIJgQVLE9ZzhlQR1RvvVMTM9HM,Google,275.8299530809042
Triple O's Science World,3.0,127,Main Street-Science World,49.27328499999999,-123.1041541,ChIJnZHwi2NxhlQRFXzbfxLi6iE,Google,276.27149587260055
El Guapo,4.0,399,Yaletown-Roundhouse Station,49.2767766,-123.1201854,ChIJH2bzVGtzhlQRs1Ok98zdwLQ,Google,279.68445990144426
Sal y Lim√≥n Mexican Cuisine,2.3,49,Yvr‚ÄìAirport,49.1967112,-123.1777571,ChIJOZP-bfsLhlQRRUl6tcV6aWY,Google,280.7865714046592
Teya Grill,3.9,35,Broadway-City Hall Station,49.2607954,-123.1164451,ChIJBwLQ4edzhlQRsjNKpxfR_IE,Google,281.17184877004826
Holy Chow,4.5,391,Waterfront Station,49.28317269999999,-123.112368,ChIJr3rKznNxhlQRcSUMsOhOzUs,Google,282.1533078119502
Congee Noodle Delight,3.9,561,Stadium-Chinatown,49.2805958,-123.1062093,ChIJTUcnRnpxhlQRvjN4THDSD7I,Google,282.252540193154
Fatburger West Broadway,4.1,806,Broadway-City Hall Station,49.2633014,-123.1106662,ChIJx9c0UOdzhlQRRS8CiWNDkJw,Google,283.1668268118555
Machete Mexican Ancestral Food,4.6,196,Main Street-Science World,49.2757173,-123.1001953,ChIJfRZgQTZxhlQRpi96Zwxhe6c,Google,283.2472726946105
Kamei on Broadway,4.1,602,Broadway-City Hall Station,49.2640152,-123.1181325,ChIJg9uUPN1zhlQRCCYIvXrgwyo,Google,284.1481126109934
Nightingale,4.5,2490,Burrard,49.2873977,-123.1174751,ChIJD9jfUoJxhlQR2Z9sjekAEFg,Google,285.05488391666694
Thai Away Home at City Square,4.3,137,Broadway-City Hall Station,49.2607144,-123.116348,ChIJ4Wl_KTpzhlQR-J1EEBGBrdQ,Google,285.74756634564034
Five Sails Restaurant,4.5,818,Waterfront Station,49.2880237,-123.1133905,ChIJ18-j2oJxhlQRcq-nkLQ528w,Google,285.88586536875283
Kim Son Vietnamese Food,4.8,64,Broadway-City Hall Station,49.2607444,-123.1164572,ChIJozsB4udzhlQRNpNXP1_JpK4,Google,286.54923501257747
Oceans 999,3.7,120,Waterfront Station,49.2881607,-123.1129168,ChIJbSFP24JxhlQRjCPtAO_op40,Google,288.10930139462107
Donair Dude,4.1,555,Stadium-Chinatown,49.28223209999999,-123.10919,ChIJSRp_m3lxhlQRfn0y9OYZGKo,Google,291.58579370554884
Moltaqa Moroccan Restaurant Mainland Street Yaletown,4.4,1137,Yaletown-Roundhouse Station,49.2764289,-123.1190635,ChIJnbZ_HnpxhlQRYtAR6udPH4g,Google,296.31767030441944
The Keg Steakhouse + Bar - Yaletown,4.4,2291,Yaletown-Roundhouse Station,49.2766482,-123.1194468,ChIJq69lPtZzhlQROZR50xKXYQw,Google,296.3564309129712
Brass Fish Tavern,4.4,430,Burrard,49.2873432,-123.1171209,ChIJj8FtxMhxhlQRxd_KU1G05-0,Google,299.3924428085774
Naruto Sushi,4.1,892,Commercial-Broadway Station,49.2599647,-123.0700068,ChIJLX5RgE5xhlQRdaZexuM3W-w,Google,300.82887271274325
Pourhouse Restaurant,4.3,1243,Waterfront Station,49.2840775,-123.1083818,ChIJB3AAznlxhlQRnidXy4IF-TU,Google,303.55699515281026
Frankie's Italian Vancouver,4.2,1256,Stadium-Chinatown,49.278217,-123.1133985,ChIJ4RL7TnxxhlQRTQkUNQSm-NA,Google,304.41973746252677
Le Tigre,4.3,12,Main Street-Science World,49.275884,-123.0996655,ChIJHQKBD3hxhlQR_BRSZcntFT8,Google,305.6224327429439
Torafuku,4.3,722,Main Street-Science World,49.2758872,-123.0996655,ChIJDXs3CGVxhlQRQT7WyInozkA,Google,305.973533700346
Cafe Amora,0.0,0,Yaletown-Roundhouse Station,49.2763871,-123.1188171,ChIJd7P2O9ZzhlQRATHEoLbf5cM,Google,306.0226051804304
A.BENTO,4.5,333,Broadway-City Hall Station,49.2630956,-123.118823,ChIJBaBDrcRzhlQRYFHMWcLQCuE,Google,310.941567804942
Cafe Medina,4.5,4144,Granville,49.2804904,-123.116933,ChIJEa8g6HtxhlQRa_lcrLrlVQw,Google,316.86521667553177
Pho Quynh Express,4.3,114,Main Street-Science World,49.2703843,-123.1013268,ChIJ6aRMwxlxhlQRIR_Vk7BAi44,Google,317.97645098894253
The Burrow - formerly Bandidas Taqueria,4.4,2737,Commercial-Broadway Station,49.2597766,-123.0700108,ChIJo1jMuUhxhlQRpNnramo6TqI,Google,321.45454263701066
Umi Sushi Express,2.5,43,Waterfront Station,49.287602,-123.1150857,ChIJuTxh_YJxhlQRffUL9exuPsw,Google,321.7280494027926
Fatburger Waterfront Centre,4.0,550,Waterfront Station,49.287602,-123.1150857,ChIJ7S34XtJzhlQRaDLW1dZRPvg,Google,321.7280494027926
Basil Box,4.2,287,Vancouver City Centre,49.2828666,-123.1230459,ChIJV7BEw1NxhlQREpU2LlvcUS0,Google,324.58694912834704
The Magnet,4.7,387,Stadium-Chinatown,49.2824258,-123.1111722,ChIJe3tA8J9xhlQRrQIo4MPg__s,Google,324.85505584895134
JOEY Burrard,4.3,2765,Vancouver City Centre,49.28259019999999,-123.1231747,ChIJx8zDGIBxhlQRU-OFjaGa-6Q,Google,331.18189784653515
To Dine for Eatery,4.5,190,Main Street-Science World,49.2725367,-123.095811,ChIJLS4N9WZxhlQRNFnYV1uLMls,Google,336.7965918502129
Cavo Bar+Kitchen,4.1,1145,Vancouver City Centre,49.2802282,-123.1218549,ChIJr_sx1X9xhlQRp4tzpU6COLo,Google,342.6441284639744
A&W Canada,3.7,208,Waterfront,49.28307,-123.117775,ChIJ7b1Ebn9xhlQRdk8nZuSwSMc,Google,345.10505068194954
Mahony's Tavern False Creek,4.1,1958,Olympic Village Station,49.2690766,-123.1186298,ChIJyyVBw9tzhlQR52PdF-IX5P4,Google,356.71804543913015
ChongQing On Commercial,4.0,1171,Commercial-Broadway Station,49.2594137,-123.0696509,ChIJB-Mk001xhlQR_3nsh7OL8x4,Google,358.1231907536247
Italian Kitchen,4.2,2266,Vancouver City Centre,49.2825272,-123.123559,ChIJxRdotIFxhlQRY7DFe7zRkho,Google,358.84219220680626
Autostrada Osteria Downtown,4.5,481,Stadium-Chinatown,49.2825808,-123.1119357,ChIJK1z-GnlxhlQRAw-wk7pQFiA,Google,361.2077892124978
Bekon Loft + Lounge,4.9,43,Waterfront,49.2845278,-123.1092917,ChIJrayTFSFxhlQRypRsQ1DZ6qs,Google,367.72716598851326
Monk's Grill,3.0,1208,Yvr‚ÄìAirport,49.1955607,-123.182934,ChIJZe6A6EkLhlQR2-dg3VXDDMs,Google,370.587113030468
La Taqueria Pinche Taco,4.6,1318,Stadium-Chinatown,49.2829675,-123.1105318,ChIJKSKEqHlxhlQRKVQJ5Y-oZmw,Google,373.4499100472445
Ignite Pizzeria Yaletown,4.8,178,Yaletown-Roundhouse Station,49.27724809999999,-123.1187385,ChIJBTNOts1zhlQRW8Rr2NGMk4o,Google,380.55790439940563
Salmon n' Bannock - On the Fly,4.9,13,Yvr‚ÄìAirport,49.1976308,-123.1781887,ChIJ08QuTOQLhlQRQoWCezVkfP0,Google,380.5806354667983
Famous Famiglia,2.2,5,Yvr‚ÄìAirport,49.1976318,-123.1782193,ChIJJYifWIELhlQRXE6Xh1J5ISg,Google,380.6627012662203
Chancho Tortilleria,4.6,1225,Commercial-Broadway Station,49.2660509,-123.0694337,ChIJF_vQAtRzhlQRK2Qf9DW-Mdk,Google,381.43411458255537
Pizzeria Farina,4.4,585,Main Street-Science World,49.276605,-123.1000944,ChIJsXdUEmVxhlQR-g2A0LEWJV0,Google,382.1828178584153
Ebi-Ten,4.3,520,Vancouver City Centre,49.27923639999999,-123.1168179,ChIJZ6eVe35xhlQRJA72INjAxrg,Google,382.3213537858172
Earls Kitchen + Bar,4.2,2309,Vancouver City Centre,49.281537,-123.1236879,ChIJDe-U4n9xhlQRHe5feMqgXwM,Google,382.4526372711534
Lift @yvr,2.2,204,Yvr‚ÄìAirport,49.1976399,-123.1786992,ChIJEwohYEoLhlQRVMEeUdaZr3s,Google,382.8008109551152
Salmon n' Bannock,4.9,31,Yvr‚ÄìAirport,49.1976692,-123.1783033,ChIJtbiS_TULhlQRqgSpCggXO78,Google,384.8081606342427
Boulevard Kitchen & Oyster Bar,4.4,1196,Burrard,49.2830629,-123.123901,ChIJxwQPG4BxhlQRtCIXIfvmh9I,Google,385.44154668052744
Tangent,4.3,1016,Commercial-Broadway Station,49.2660878,-123.0698722,ChIJ7cyqJUZxhlQRnU84VhwKiHQ,Google,388.0203299492959
Brioche Ristorante & Catering,4.4,1139,Waterfront Station,49.2841362,-123.1069093,ChIJ_VkcSnhxhlQRMAb5btxBcNw,Google,392.1291464855911
Hanami Express,2.1,95,Yvr‚ÄìAirport,49.1977354,-123.1783599,ChIJ2a_C9UoLhlQRb_ZE90x_c5Q,Google,392.2141106027106
La Taqueria Pinche Taco Shop,4.3,2146,Olympic Village Station,49.263549,-123.112736,ChIJKSKEqHlxhlQR9Qk6ghOR3a0,Google,392.94443956629374
B√°nh Shop,2.2,89,Yvr‚ÄìAirport,49.1973205,-123.1754812,ChIJR8OEXzULhlQR8X321qthEVk,Google,401.09400585049383
Subway,2.6,68,Yvr‚ÄìAirport,49.197824,-123.1786771,ChIJK6dWP9cLhlQRRFm6Dt1VP4o,Google,403.08772507717777
Subway,3.9,39,Langara-49th Avenue Station,49.2252052,-123.1107327,ChIJf84Sq2h0hlQRYwrDzuGwC5Q,Google,404.6577282168
Jollibee,3.7,1319,Granville,49.28113459999999,-123.1206296,ChIJzYo8LsJxhlQRQygzpljObgM,Google,404.8506429820531
Happy Valley Food City,3.8,187,Gilmore Station,49.2654497,-123.019187,ChIJ7dhI8Ed3hlQRkHWG-KlK8Zc,Google,405.73279356467475
Shanghai Lu Restaurant,3.7,402,Broadway-City Hall Station,49.26361259999999,-123.1200751,ChIJq4LTKt1zhlQRpy4Ahtva-g4,Google,407.3885825678897
NaM√¨ Food Cart,4.1,34,Waterfront,49.2824895,-123.1181328,ChIJRVCyKS9xhlQRemEFZoO6GW4,Google,408.947580966154
Cilantro Indian Cuisine,4.7,530,Broadway-City Hall Station,49.263283,-123.1088971,ChIJdb16YOdzhlQRdTEn_JE_BVA,Google,410.74557733605167
A&W Canada,2.1,29,Yvr‚ÄìAirport,49.1979014,-123.1786411,ChIJt50cmO8LhlQREM3zP9QMSW4,Google,411.4932972443248
JOE & THE JUICE,3.7,184,Yvr‚ÄìAirport,49.1952227,-123.183732,ChIJ5zAw9xgLhlQRLwfqmhoL-dI,Google,412.42188649701774
Boston Pizza,3.7,1378,Stadium-Chinatown,49.2772567,-123.1142204,ChIJpUPgrX1xhlQRpgb6ImUhKIk,Google,415.28289155233784
per se Social Corner,4.3,2350,Vancouver City Centre,49.2787253,-123.118532,ChIJl97JCH5xhlQRCMTZHG7N-Sg,Google,416.3444161198607
Kitchen Table Group,0.0,0,Marine Drive Station,49.2113486,-123.1118837,ChIJb-T3GPZ0hlQRkIlq8ZxfTJU,Google,417.1927605463271
Church's Chicken,2.4,75,Yvr‚ÄìAirport,49.1979601,-123.1785666,ChIJaSDS-jULhlQRVZ0-kk2Vqh8,Google,417.6950008943904
Subway,3.6,292,Yvr‚ÄìAirport,49.19269550000001,-123.1729998,ChIJB7lhwDULhlQRawIfnj-PDFw,Google,418.47030088149563
Stages Restaurant & Lounge,3.7,56,Broadway-City Hall Station,49.2634996,-123.1202781,ChIJofO0Kt1zhlQRYgwY1e0JeJk,Google,420.0638646667449
Skydine Events Inc. dba Dinner in the Sky Canada,0.0,0,Waterfront,49.2841599,-123.1086602,ChIJt67abfRxhlQR-IRhNNqC64E,Google,421.730461898437
A&W Canada,3.8,624,Burrard,49.2833321,-123.1154378,ChIJJc1XzHhxhlQR632Bm8zAJ_c,Google,424.83304321962476
Nuba in Gastown,4.3,2581,Waterfront,49.2827642,-123.1096344,ChIJ9aoKpHlxhlQRAH-J_yYq6Oc,Google,429.1872613491337
Hula Poke Waterfront Centre,3.9,95,Burrard,49.28736259999999,-123.1149694,ChIJH1leMxFxhlQR47Yi_kVY4vQ,Google,429.69585036912736
Famous Wok,2.6,57,Burrard,49.2877294,-123.1153001,ChIJpyOsHYNxhlQR9vBFnevjuDw,Google,430.2085990892491
Calabash Bistro,4.3,853,Stadium-Chinatown,49.2810304,-123.1042279,ChIJyy8_cnpxhlQRg15QU0fpeaU,Google,433.70357856106966
BASHA,4.4,95,Burrard,49.287602,-123.1150857,ChIJM16pn8BxhlQRX9h_lCJ7FMM,Google,435.57630255473094
Subway,3.0,62,Burrard,49.287602,-123.1150857,ChIJHRFE4oJxhlQR1Eje_Y3mQlc,Google,435.57630255473094
Tractor Everyday Healthy Foods - Olympic Village,4.2,386,Main Street-Science World,49.2696163,-123.1029208,ChIJGRfoBWFxhlQRn7kAFCikUIk,Google,437.16259347070246
My Toan,3.5,17,Burrard,49.287657,-123.1150343,ChIJpfXn44JxhlQRYUSzRJOccFA,Google,441.9646954255352
Rice Tales,2.0,267,Yvr‚ÄìAirport,49.1958743,-123.1839074,ChIJqYGyxkkLhlQRdYxFQXXaSiA,Google,449.39352907597697
Tap & Barrel ‚Ä¢ Olympic Village,4.1,3026,Main Street-Science World,49.2716457,-123.1060893,ChIJ92h_MmJxhlQRmP1gb313vwM,Google,449.6496478779876
acquafarina,4.4,393,Waterfront,49.28117959999999,-123.1153959,ChIJsyxtZ1JxhlQRVsbrWoEHkyE,Google,450.7893501492123
Gusto A Taste of Italy,4.5,905,Main Street-Science World,49.271403,-123.1059467,ChIJ65CR2rhxhlQRbdz7fk28cEw,Google,451.18238965956175
BOTANIST,4.6,1303,Waterfront Station,49.2882901,-123.116555,ChIJJYVOCYNxhlQRrkWpvkO-Ao4,Google,452.41477741244336
Sala Thai,4.0,1784,Burrard,49.2822067,-123.1238037,ChIJjazkAoBxhlQRsji4QtkMoN0,Google,454.54705838817574
Thai Express Restaurant Vancouver,3.2,60,Burrard,49.287911,-123.115061,ChIJ1QTG44JxhlQRUQC0IdBc-BE,Google,455.9582994688505
Kishimoto Japanese Restaurant,4.4,985,Commercial-Broadway Station,49.26673599999999,-123.0694088,ChIJZxCTL0ZxhlQRu0UC3PS9PgA,Google,457.5162227600723
Hungry Guys Kitchen & Bar,4.5,804,Vancouver City Centre,49.2793079,-123.1226933,ChIJcyLHm9VzhlQRfeete-hmYjk,Google,459.54626556395885
True Burger Co.,1.6,63,Yvr‚ÄìAirport,49.1958876,-123.184062,ChIJ4_8F884LhlQRSDkeXVDfTN4,Google,460.25011599382975
Cafe Il Nido,4.3,274,Vancouver City Centre,49.2846106,-123.1241497,ChIJjx8r94BxhlQRwYW-BIoHApg,Google,466.9032633839479
The Ballyhoo Public House,4.3,295,Burrard,49.282096,-123.1239668,ChIJEYz1RwBxhlQRZQLylDwvT5Q,Google,471.42597143025375
WE GRILL,4.4,124,Burrard,49.28729149999999,-123.114269,ChIJpd2dughxhlQRU6ZxkEEC46k,Google,471.8827017413916
Canucks Bar and Grill,3.5,836,Yvr‚ÄìAirport,49.1974971,-123.1740684,ChIJg-FqUUoLhlQRquxAlJ8m8LE,Google,476.48248197227895
Japadog,4.3,312,Burrard,49.28228319999999,-123.1246697,ChIJhcuqBoBxhlQRXJMw7nHeEQU,Google,486.93269892896484
Tutto Restaurant & Bar,4.4,537,Yaletown-Roundhouse Station,49.2784387,-123.1188587,ChIJk5D8YERxhlQRbJ_4S2KU7c0,Google,488.05601274864676
The Dirty Apron,2.3,37,Yvr‚ÄìAirport,49.1958565,-123.1845102,ChIJ0SO_M3ILhlQRHF8qkeQTH5k,Google,488.890062824291
Pick & Chews,3.5,8,Vancouver City Centre,49.2864943,-123.1214363,ChIJJ9pPd4FxhlQR5G50XEb0R-I,Google,492.2040168785082
Yanaki Sushi,4.3,264,Olympic Village Station,49.2657533,-123.1223151,ChIJyd0dWNtzhlQRA8dYED0eZy8,Google,493.6091600903329
Le Crocodile,4.6,1322,Burrard,49.2825301,-123.1252212,ChIJF404P3dxhlQRHC17KP9ESTY,Google,495.38810827114906
BurgerHolic,3.4,70,Burrard,49.28187399999999,-123.124402,ChIJhQIv8OFxhlQRjgDSqvq351s,Google,509.95809677346557
Tenen Restaurant,4.7,1010,Royal Oak Station,49.215429,-122.9888951,ChIJQ94YI0F2hlQRThl4MaBwzO0,Google,517.4191567463392
Dynasty Seafood Restaurant,4.2,1644,Broadway-City Hall Station,49.26369159999999,-123.1216168,ChIJUxfUJcNzhlQR6ohfXAT0j7o,Google,519.245820272166
Bruno,4.2,580,Bridgeport Station,49.1921362,-123.1310337,ChIJ9ScjuBt1hlQRvFYJvMJmfvE,Google,522.9236518709671
Food Hall by ZUBU,3.9,124,Olympic Village Station,49.2676487,-123.1085894,ChIJj-D7PpFzhlQRfPZg1UV-St4,Google,524.8153182333081
GreenPrice food & trading ltd,0.0,0,Joyce‚ÄìCollingwood,49.23466639999999,-123.0363029,ChIJbS_VyHV3hlQRsGB25VvxCW4,Google,528.000114554861
ÂåóÁñÜÈ•≠Â∫ó Beijiang Restaurant (Order from our website & SAVE MORE!),4.3,344,Joyce‚ÄìCollingwood,49.2344854,-123.0361551,ChIJQTRVA5F2hlQRuuss31H08uA,Google,537.4140307846625
Tap & Barrel ‚Ä¢ Convention Centre,4.2,1999,Burrard,49.289953,-123.1170849,ChIJ4WVPWYNxhlQRX1ZjV-bu69o,Google,539.0443975726804
Jambo Grill Tandoor & Paan House,4.2,1472,Joyce‚ÄìCollingwood,49.2349794,-123.0371333,ChIJne5yIJF2hlQR--ivmQJAexw,Google,542.8891161790391
De Dutch,4.0,877,Burrard,49.2900359,-123.1172208,ChIJh_rOWINxhlQRR_kAbPqGhHU,Google,543.4261124802824
Dragon House,3.5,2,Joyce‚ÄìCollingwood,49.23408449999999,-123.0353777,ChIJA6-9B5F2hlQRlxtszEcpJb8,Google,544.5094599679129
Congee Noodle King,3.9,1277,Joyce‚ÄìCollingwood,49.2340305,-123.035276,ChIJC20yqJF2hlQRnGO5P_gAJ2Q,Google,546.2846299578034
Kamei Royale Japanese Restaurant,4.3,851,Waterfront Station,49.2873663,-123.1189244,ChIJubpntoFxhlQRH2ZmrPqGlYU,Google,551.7474320719949
Italian Tomato Restaurant,4.2,1345,Bridgeport Station,49.1917264,-123.131014,ChIJM8Hv_950hlQR3nNMpYlC_-I,Google,555.8000941915744
Sushi 7,4.0,330,King Edward Station,49.2541978,-123.1149459,ChIJaZeA8-5zhlQR63f2DmHb54Q,Google,561.0572318714845
Joojak Restaurant,4.5,519,Joyce‚ÄìCollingwood,49.2336631,-123.034552,ChIJEVyNr5F2hlQRgAL9ZC7p0Bw,Google,561.6583180791044
Sushi Aji,4.2,549,Joyce‚ÄìCollingwood,49.23365949999999,-123.0345456,ChIJT2Hsr5F2hlQRKWP3EmYXnt4,Google,561.8640576869806
Dharma Garden Veggie Deli,4.6,236,Joyce‚ÄìCollingwood,49.235222,-123.0378377,ChIJ_dFv2JB2hlQR1DQTE1DNSZ8,Google,563.5866102821313
Mahony's Tavern Convention Centre,4.0,1615,Burrard,49.28917879999999,-123.1146915,ChIJqUjxNINxhlQR4Lx01oYf6H8,Google,567.8122780155109
Nook,4.3,607,Olympic Village Station,49.2694859,-123.1092099,ChIJfQrl6U5zhlQRA3S2ozY4fMI,Google,568.874983562994
Monsoon Curry Indian Restaurant,4.5,345,King Edward Station,49.2542909,-123.114925,ChIJa8IwZsBzhlQR9QFUO9kWwOw,Google,571.5162555619668
Happy Day Cafe,3.7,1363,Joyce‚ÄìCollingwood,49.2337123,-123.0353566,ChIJ2Ufdq5F2hlQRY0PIVLy0v7s,Google,580.4087445413835
Mr.Shawarma Robson Location,4.7,136,Waterfront,49.2821925,-123.1208945,ChIJVZjKRJdxhlQRHaBRedlJ-KA,Google,583.5038730678264
Mr. Arancino,4.5,11,Waterfront,49.2813649,-123.1198429,ChIJg5ayXBdxhlQRHQNeg78fF7o,Google,585.0451879850634
Lucky Sheep,4.0,3,Joyce‚ÄìCollingwood,49.233253,-123.0337001,ChIJi5AdxJF2hlQRA40PbuoXaCU,Google,586.5456573780543
Heritage Asian Eatery,4.2,777,Vancouver City Centre,49.287526,-123.1209202,ChIJReu_54NxhlQRpncLbXrBs-w,Google,586.6715896910636
Student Union Food Bar,3.7,3,Langara-49th Avenue Station,49.2244903,-123.1084082,ChIJXfdOIst1hlQR6GG2LaiU_x0,Google,589.714061521602
Dumpling House,4.3,304,Joyce‚ÄìCollingwood,49.23554250000001,-123.0386739,ChIJ14Ru1JB2hlQRoctbRWfl7wk,Google,592.6270976263944
Argo Cafe,4.6,573,Main Street-Science World,49.268572,-123.1045305,ChIJ1asqy2FxhlQRqN-q4B52Ji8,Google,594.6638912903991
"Fiorino, Italian Street Food Chinatown Vancouver",4.5,333,Main Street-Science World,49.27847149999999,-123.0991909,ChIJ8SWsS3FxhlQRYMDiAo7i7vo,Google,595.2475893721503
Sushi Kiwami,4.6,144,Bridgeport Station,49.1922175,-123.1325157,ChIJf5NN6dF1hlQRc_1jV8LCHjo,Google,596.8216344969486
Phnom Penh Restaurant,4.5,4069,Main Street-Science World,49.2784532,-123.0982239,ChIJs8IJ5W9xhlQR37XQMO_WQ04,Google,607.1611689953211
Chinatown BBQ,4.6,1283,Stadium-Chinatown,49.2802924,-123.1014981,ChIJ2Tlvd3BxhlQRXyY0-I5_a98,Google,607.6279142233235
Viet House,4.3,574,King Edward Station,49.2546261,-123.1150101,ChIJvcjK7-5zhlQR_zXenPNFW5k,Google,607.8850511750378
Fortune Lamb Dining È∏øÁæäËΩ©,4.0,260,Joyce‚ÄìCollingwood,49.2329518,-123.0330905,ChIJi5AdxJF2hlQRc3KNjBpXCcc,Google,610.5490978516794
Eat Chicken Wraps,4.7,120,Waterfront,49.281997,-123.1211441,ChIJtefKkH9xhlQR9eJp8-B_roY,Google,610.7883114257572
Kung Fu Noodle Kingsway‚ÄìJoyce,4.3,337,Joyce‚ÄìCollingwood,49.2334003,-123.0353567,ChIJofQPT5B2hlQRCkETMYq8GpE,Google,611.5902340171402
Showcase Restaurant & Bar,4.2,317,Vancouver City Centre,49.2878584,-123.1203357,ChIJUwY964NxhlQRslxEl4a2VZM,Google,612.1451896394871
Wing Ga Ma,3.7,3,Waterfront,49.2804987,-123.1188771,ChIJ50futyxxhlQRlFHkVY89zVc,Google,617.4234425706
The Templeton,4.5,2288,Vancouver City Centre,49.2784627,-123.1245068,ChIJ8w0ms9VzhlQRsjs1jGEh4is,Google,617.4732118143769
Original Joe's,3.9,689,Yaletown-Roundhouse Station,49.2785857,-123.1160399,ChIJpXXd0H1xhlQRHlEgFCUpqWY,Google,621.1934794981184
McDonald's,3.7,2314,Marine Drive Station,49.2119042,-123.1091738,ChIJnRUJyFh0hlQRjYWSUB-fnZY,Google,621.7482322678208
Good Co. Granville,4.0,1495,Granville,49.27971220000001,-123.1227289,ChIJO4AhIBNzhlQR1sdNx__mJ3k,Google,622.3493148454436
Floata Seafood Restaurant ÂØåÂ§ßÊµ∑ÈÆÆÈÖíÂÆ∂,3.7,925,Stadium-Chinatown,49.2791133,-123.1012439,ChIJddANvXpxhlQRkcJECJwhFNo,Google,624.5216634330155
CinCin Ristorante + Bar,4.5,1406,Vancouver City Centre,49.285261,-123.1261391,ChIJ7WzZ7IBxhlQRSVRBfdNFvfQ,Google,628.0103562656893
Fat Mao Noodles (Chinatown),4.5,1032,Main Street-Science World,49.2787565,-123.0989573,ChIJoySK_m9xhlQRWkJZNwcfGsU,Google,629.1345621595939
Tim Hortons,2.8,179,Langara-49th Avenue Station,49.22478,-123.1076175,ChIJwRzLQG90hlQRTo6tNN_XStU,Google,635.3117282892173
El Furniture Warehouse Granville,4.1,1697,Granville,49.2795887,-123.1228573,ChIJczYGnNVzhlQRTtmLygm3sGk,Google,638.3092155944561
Ophelia,4.4,698,Olympic Village Station,49.2695934,-123.1081421,ChIJfTQAlSlzhlQRglYOHc_MZpg,Google,640.0494611025974
Sai Woo,4.1,653,Stadium-Chinatown,49.280164,-123.1010006,ChIJP1ytenBxhlQR2QNNkLzRadM,Google,642.0261303576697
Jade Dynasty Restaurant,4.2,939,Stadium-Chinatown,49.2805176,-123.1009808,ChIJQboZZXBxhlQRhpqHCR2PcF8,Google,648.1869728673349
C|PRIME Modern Italian Steak and Wine,4.4,477,Vancouver City Centre,49.2808932,-123.1272281,ChIJKyWuLdVzhlQR42fs0OJefqA,Google,649.0417985556658
Mott 32 Vancouver,4.1,486,Vancouver City Centre,49.2868595,-123.1245356,ChIJq0XJF4FxhlQRPjqQWB0lHWM,Google,650.2914661567731
The Flying Pig Olympic Village,4.0,1008,Olympic Village Station,49.2694509,-123.1077554,ChIJeVrm4WFxhlQRGHTlAzU6zOc,Google,656.041024817842
Triple O's Langara College,3.1,27,Langara-49th Avenue Station,49.22460400000001,-123.107379,ChIJ4XauU290hlQR8ay1ORphF40,Google,657.1901659442665
A&W Canada,3.9,429,Waterfront,49.2796411,-123.1175138,ChIJfWfmZX5xhlQRkE-hZ2O4WfA,Google,657.9678252878155
DD MAU Chinatown,4.5,466,Stadium-Chinatown,49.28051370000001,-123.1007844,ChIJW7ieZXBxhlQRN0Bx8VKwP5E,Google,662.211820310192
Is That French,4.8,92,Waterfront,49.2833132,-123.1055689,ChIJPV6Qs7lxhlQRZF3eHOogFUI,Google,663.6369163763179
Liberte Cafe & Restaurant,4.4,695,Joyce‚ÄìCollingwood,49.2346522,-123.0245711,ChIJBQF63mZ3hlQRycrQj5xH4Pc,Google,665.9194337371417
Pacific Poke,4.3,550,Main Street-Science World,49.2791668,-123.1000037,ChIJoaA4BHBxhlQRmZ_Vcw5DSsA,Google,667.0655030482703
Bao Bei,4.5,995,Stadium-Chinatown,49.27961209999999,-123.1005933,ChIJWco1DnBxhlQRWIzGva76dZc,Google,668.951185191035
Mandarin Hong Kong Cafe ÊñáËèØÈ§êÂª≥,3.8,394,King Edward Station,49.2486262,-123.1252502,ChIJgUcbiZJzhlQR1FAQKMpVJUU,Google,684.5349290508461
Megabite Granville St.,3.8,546,Granville,49.2792846,-123.1233341,ChIJZTTj0n9xhlQRQrsfxMoiCYE,Google,686.5601946484187
Bao Down OV,3.8,788,Olympic Village Station,49.2694599,-123.1072692,ChIJKx6r5mFxhlQRFDCv_FWK7TI,Google,687.4183065812135
Prestons Restaurant + Lounge Vancouver,3.9,278,Vancouver City Centre,49.288219,-123.1222251,ChIJ1-V8VYFxhlQRrV7eXCmKzDg,Google,690.9550058623716
Earls Kitchen + Bar,4.3,2203,Vancouver City Centre,49.28593129999999,-123.1265501,ChIJ2X2rwYBxhlQRqMhKr3Op5hE,Google,692.5761072712731
Happy Family Restaurant,3.9,393,Nanaimo Station,49.2436228,-123.0623195,ChIJK_D5wqV2hlQR1sAxRjhdvN4,Google,695.6625707953277
Caf√© One,4.1,259,Burrard,49.2804097,-123.1256877,ChIJv3cnJtVzhlQRV0jJmkeEfpU,Google,696.6167491827939
City 1 Cafe,3.8,243,King Edward Station,49.2485021,-123.1254513,ChIJM7e1WJJzhlQRpAKFOufgaIk,Google,700.4398412921992
P2B Restaurant + Bar,3.9,299,Waterfront Station,49.2884094,-123.1204975,ChIJV5_58YNxhlQRAY6qECXa8vI,Google,701.9949311325561
Dragon Crepe,3.8,142,Joyce‚ÄìCollingwood,49.2321927,-123.0294737,ChIJ3SIpD452hlQRfT48xZzK_hw,Google,706.967204567594
Pizza Coming Soon,4.4,245,Stadium-Chinatown,49.2805063,-123.1001523,ChIJR3HVAnhxhlQRcMRDk1a_rIM,Google,707.4894384426797
Kim Express,4.4,217,King Edward Station,49.2485018,-123.1255502,ChIJdWFNX5JzhlQR3IVLUjxVfOo,Google,707.5799523647116
The Dime on Granville,4.2,656,Granville,49.2791345,-123.1235239,ChIJsXZ9odVzhlQR0vLHvD753Tc,Google,707.8772383724728
Burgoo,4.4,932,Vancouver City Centre,49.27993799999999,-123.1275802,ChIJXVNu3NRzhlQRu61nhstCwkM,Google,708.7634607311159
Oyster Express,4.6,319,Main Street-Science World,49.279292,-123.097424,ChIJEcMJ2G9xhlQRXDCcU027qqs,Google,712.8509081968222
Eat Bar & Patio Haraheri,4.3,1087,Burrard,49.2800364,-123.1252786,ChIJda43-9FzhlQR8bDraTrZvXo,Google,715.3668331804539
Osaka Sushi,3.7,327,King Edward Station,49.2485049,-123.1257339,ChIJw_vfWJJzhlQR445pra31zWE,Google,720.801303230738
Heaven Bar& grill,4.0,249,Granville,49.278834,-123.1233701,ChIJJZyk1rlzhlQR9K5KeaRaefY,Google,721.9867962259557
A&W Canada,3.7,532,Granville,49.2787483,-123.1232988,ChIJU3FxpNVzhlQRBzuT1MFMc90,Google,724.8451871358354
Virtuous Pie,4.5,1968,Main Street-Science World,49.2797306,-123.0999778,ChIJfTY_EnBxhlQRTEuUOuEbJMI,Google,729.7837304447652
bbq Chicken & Pub Granville,4.8,84,Granville,49.2789398,-123.1237695,ChIJf80rBxRzhlQR05A8XdfTdww,Google,735.5235979550304
McDonald's,3.7,1324,Marine Drive Station,49.2060654,-123.125516,ChIJk00dH-50hlQRuFg6Si9b_YM,Google,735.9237866668965
Mui Ngo Gai Restaurant,4.4,749,Nanaimo Station,49.244668,-123.06448,ChIJBW9vVq92hlQRZ_mt2ig6dY8,Google,739.9215314815332
The Tipper Restaurant,4.5,619,Nanaimo Station,49.2445748,-123.0643875,ChIJVb0YVq92hlQRr26cPXIX0k0,Google,740.0072317711379
The Sea House Fish and Chips,4.3,297,Joyce‚ÄìCollingwood,49.2361565,-123.0413838,ChIJo-5rgV9xhlQR4tiEqxRO9es,Google,741.063830915286
Pho Quynh Express,4.1,390,Olympic Village Station,49.2694288,-123.1061939,ChIJ0e8lwmFxhlQRBjcIrg-6Jvs,Google,755.609071138753
Chili Pepper House,4.0,1736,Joyce‚ÄìCollingwood,49.2362739,-123.041719,ChIJvZZmQpd2hlQR4uFHqA3XZgU,Google,759.9457243677808
The Boss Bakery & Restaurant Chinatown,4.0,485,Stadium-Chinatown,49.279825,-123.0993261,ChIJoasPFHBxhlQRpEZzN4UA_04,Google,761.1372155679293
Prime Time Chicken and Chinese Food,3.6,77,Stadium-Chinatown,49.28094249999999,-123.0994591,ChIJKUC8W3BxhlQRNlAvSHLeWtQ,Google,765.0064334887711
Zarak by Afghan Kitchen,4.7,734,Main Street-Science World,49.26627089999999,-123.1006185,ChIJhbvdyX1xhlQRMIebjMPIEYI,Google,767.6156063709775
Dylan's,4.1,220,Langara-49th Avenue Station,49.2194307,-123.1180369,ChIJ21kdsmF0hlQRXIljFG2cQYA,Google,769.1696799000918
Saba Foods Yemeni Restaurant,4.7,706,Main Street-Science World,49.2801171,-123.1001592,ChIJ_4DyPpfbhVQRv2KFIlapZ5g,Google,772.3849845659017
Love for Pho,3.9,592,Joyce‚ÄìCollingwood,49.2317459,-123.028224,ChIJGyB5DI52hlQRo-zZzzfgYjQ,Google,780.3113801714343
Green Lettuce,4.2,1204,Nanaimo Station,49.24572509999999,-123.0659831,ChIJNxA_NK92hlQRo5P7Gmbc-1I,Google,783.871523799915
Gain Wah Restaurant Ltd,4.2,330,Stadium-Chinatown,49.2793718,-123.0989439,ChIJNyKZGXBxhlQRQm981OXurdU,Google,789.1635282773412
"Max's Restaurant, Cuisine of the Philippines, Vancouver",3.9,1264,Joyce‚ÄìCollingwood,49.2318982,-123.02726,ChIJ9_jRPul3hlQRHu7uUdvkabc,Google,790.5869403755081
Cactus Club Cafe Coal Harbour,4.4,5282,Vancouver City Centre,49.2895929,-123.1181771,ChIJ9efnfINxhlQRKovtjwKKJGA,Google,792.7502261645074
Kent's Kitchen,4.1,487,Stadium-Chinatown,49.2793672,-123.0988094,ChIJr907GXBxhlQRyy4rdK_zN9k,Google,798.9326398532797
CRAFT Beer Market False Creek,4.3,7186,Olympic Village Station,49.2705533,-123.1063641,ChIJD9X_gIB-C0ER-aY29gH18cM,Google,806.3249928797469
Thai Away Home on Granville,4.3,437,Granville,49.2785035,-123.1245091,ChIJw1aBrdVzhlQRn5GWQhUM6cw,Google,807.847645600169
Caf√© FortyOne,4.5,218,Oakridge-41st Avenue,49.2337508,-123.1277458,ChIJmY4h7Hh0hlQR5QpmeH9ZQLk,Google,808.7295040176282
Meet Fan,4.8,78,Joyce‚ÄìCollingwood,49.2320443,-123.0262638,ChIJZytD-t53hlQRTFmpuPJkh90,Google,808.9314669562812
ÈáëËæπÂ∞èÈ¶Ü,3.9,16,Stadium-Chinatown,49.2786535,-123.0985939,ChIJ21MY43pxhlQRZ3F5_X9GuPw,Google,821.3709392993576
St. Paul's Hospital Cafeteria - Balance Eatery,2.8,9,Burrard,49.2805127,-123.1285127,ChIJ3RRZ8vlzhlQRpenh49PkDq4,Google,822.9880510112941
Happy Noodle House,4.5,480,Vancouver City Centre,49.2767032,-123.1257371,ChIJsxhDTOxzhlQRotb7IdpsFgM,Google,823.5058920360258
Kissa Tanto,4.6,1190,Main Street-Science World,49.2804667,-123.0981255,ChIJD8oBSnBxhlQRaX3X1supJ0g,Google,827.0316578344341
Wendy's,3.9,1596,Marine Drive Station,49.2119168,-123.1061545,ChIJsyHnGVl0hlQRyCDjNCmsKmI,Google,827.88033964676
Kam Wai Dim Sum Èáë Â®Å Èªû ÂøÉ,4.5,226,Stadium-Chinatown,49.28047230000001,-123.0984377,ChIJdwUEMnBxhlQRdoApBIMnj-Q,Google,830.4551292530855
Deer Alley Restaurant Âæ∑ÊÑèÂ∞èÈ§®,4.6,27,Stadium-Chinatown,49.2854039,-123.1172004,ChIJ4QTFOPBxhlQRveO_PRL6vGQ,Google,835.1729828851135
Michi Craft Kitchen,3.9,187,Joyce‚ÄìCollingwood,49.2324554,-123.02436,ChIJP1Bjs3N3hlQRGkNMRKjV518,Google,849.4113707212747
Seasons in the Park,4.4,2639,King Edward Station @ Platform 1,49.2420056,-123.1118562,ChIJZ0UuanRuhlQRab4hMds18Uo,Google,849.6764235645318
The Edge Social Grille & Lounge,3.9,123,Granville,49.2778114,-123.1243258,ChIJSwzZS9RzhlQRPCpy4GqPpPQ,Google,851.1862078914497
BC Kitchen,3.4,125,Vancouver City Centre,49.2755046,-123.1134347,ChIJIf3QR31xhlQRsnk9rRCMvR4,Google,860.714358594406
Sun Garden Chinese Restaurant,3.6,131,King Edward Station,49.2514875,-123.1272813,ChIJhzuAa5NzhlQRIG-P1XOisAo,Google,867.6410414246566
Maxim's Bakery & Restaurant Chinatown,4.1,311,Stadium-Chinatown,49.2795972,-123.097852,ChIJC4DYJnBxhlQRsMN3SgG3KIo,Google,867.8115162601925
Unwind,3.8,17,Granville,49.2784534,-123.1257027,ChIJ617TVtRzhlQR7vaGhGEZ7Sc,Google,878.2275741238639
Bon's Off Broadway,4.4,2754,Commercial-Broadway Station,49.2626618,-123.0570922,ChIJ39tg6zVxhlQRPuI976Oa8xw,Google,881.2627114230213
Manpuku Bento Japanese Lunchbox Takeout Chinatown Vancouver,4.7,308,Stadium-Chinatown,49.2802525,-123.0975347,ChIJvWhUmgFxhlQRvzLy1VFKRO4,Google,893.3938538555092
Hon's Wonton House - Olympic Village,3.8,326,Olympic Village Station,49.2693911,-123.1040155,ChIJe60TJFZxhlQR7EFVTY28s2U,Google,899.6973045897842
Bar Corso,4.6,306,Commercial-Broadway Station,49.2707543,-123.0694507,ChIJNWm91udxhlQRv_cFcXKSgDk,Google,904.2941279186307
Border Burrito,4.4,211,Joyce‚ÄìCollingwood,49.2448369,-123.0241361,ChIJZUN78ZF3hlQRMaMY3CUoHI4,Google,907.040044176488
The Dime,4.1,1252,Commercial-Broadway Station,49.270798,-123.0697508,ChIJiYhDVkdxhlQRyJTccHW0vpg,Google,909.7854315514883
Kimu Japanese Cuisine,4.2,939,Joyce‚ÄìCollingwood,49.244924,-123.0241216,ChIJVebs7Ol2hlQRE3sctg4B1o4,Google,915.3703275703009
Lucha Libre Taqueria,4.3,991,Waterfront,49.2794278,-123.123516,ChIJH7IyoNVzhlQRzjiVf6z3I5g,Google,925.9058432494562
Mr Greek Donair Town,4.5,436,Granville,49.2775213,-123.1259388,ChIJNYJnQNRzhlQRoOUptEtYLdo,Google,957.9301745681639
White Spot Granville & Drake,3.5,650,Vancouver City Centre,49.2761617,-123.1282037,ChIJWUoK7tNzhlQR9inDtjC8lc8,Google,987.9065481123025
The Charlatan,4.2,1006,Commercial-Broadway Station,49.2715475,-123.0697522,ChIJ0z_tUz9xhlQRX7t01nVfqL4,Google,993.0657023229276
Shiok Singaporean Cuisine,4.4,526,Nanaimo Station,49.2469969,-123.0695032,ChIJiUfF5Yx3hlQR6U9qdVvX92U,Google,996.4004372164642
Nando's PERi-PERi,4.1,1634,Burrard,49.2778792,-123.1276486,ChIJLflEYtRzhlQRxsZqG9SBl18,Google,1009.7928470210345
Fritz European Fry House,4.3,1330,Granville,49.277318,-123.126683,ChIJB2dabNRzhlQR8uUmA5w0nTQ,Google,1013.3419650625137
Mumbai Local Restaurant,3.9,1030,Vancouver City Centre,49.2808497,-123.1323893,ChIJZ3QhqStzhlQRTpGMk4wRzgY,Google,1015.4107941777276
Himalaya Restaurant,3.5,653,Langara-49th Avenue Station,49.2248592,-123.1018762,ChIJpfU6bWl0hlQR6d6lwBQdXQA,Google,1042.6582861115828
Triple O's,3.8,512,Marine Drive Station,49.2107464,-123.1026831,ChIJgT5YjVl0hlQRtPF7L1juXxM,Google,1048.3185173210677
PiDGiN Restaurant,4.4,943,Vancouver City Centre,49.28188100000001,-123.104145,ChIJj7pRp3BxhlQR8QU5qnkjG5U,Google,1051.4704253994387
Collective Goods Bistro & Grocer,4.6,173,Commercial-Broadway Station,49.2531515,-123.0678398,ChIJqwhNSMF3hlQRiswagagGOIA,Google,1058.0506138194557
All India Sweets & Restaurant,3.7,677,Langara-49th Avenue Station,49.22512380000001,-123.101467,ChIJybHtQml0hlQRiqQCDi2gjSU,Google,1068.2786300946464
Main Kabab Hut,3.8,402,Langara-49th Avenue Station,49.225753,-123.1012355,ChIJS7DPXWl0hlQRDlcIVY5lWoo,Google,1079.2902909511945
Superbaba (Vancouver),4.7,749,Main Street-Science World,49.2633529,-123.1011885,ChIJT1nDEj1xhlQRL7VuTAnsxeI,Google,1093.5293206902763
Salmon n' Bannock,4.7,835,Broadway-City Hall Station,49.263303,-123.1297697,ChIJu6VAq8ZzhlQR04WRjQzdZ_A,Google,1105.6115397588621
Sawasdee Thai Restaurant,4.5,969,King Edward Station,49.2470623,-123.100929,ChIJIcffCvdzhlQRZI-lN1QBMis,Google,1109.1572778694983
Wo's Chinese Restaurant ÈáëÁ©óÂúíÁæéÈ£ü,4.2,306,Marine Drive Station,49.211445,-123.1019811,ChIJbXXGi1l0hlQRrXnLPCRJkM0,Google,1110.136643771865
Hi Five Chicken,4.2,1324,Marine Drive Station,49.211306,-123.1018814,ChIJA98BZpN1hlQRGfpzE7K3GiY,Google,1114.6393093212396
Pho Hoa + Jazen Tea (Oak),3.5,416,Oakridge-41st Avenue,49.2269613,-123.1287227,ChIJWzznCX10hlQRng2V3Gi1hIM,Google,1115.125105613998
A&W Canada,4.0,602,Oakridge-41st Avenue,49.2267696,-123.1288021,ChIJuTRXDZ9zhlQRuGKaUegoK7g,Google,1132.9033204006594
White Spot (Best Western),3.5,852,Marine Drive Station,49.2047799,-123.1308056,ChIJsR4Wx-50hlQRraBRLz20in0,Google,1139.5718796511326
L'Abattoir,4.5,1281,Main Street-Science World,49.2831345,-123.1044638,ChIJJy1TTHdxhlQRgQQZgi9ga9o,Google,1147.273218181491
Twisted Fork,4.5,1487,Main Street-Science World,49.2831834,-123.1044482,ChIJM4XXRdRzhlQRU5tJVe7D8xY,Google,1152.2318127675846
Sushi Coen,3.4,171,Burrard,49.2777721,-123.1308702,ChIJM4I5ctNzhlQRIkFd01nsCTE,Google,1160.6655163973664
#e food,4.8,311,Burrard,49.2777086,-123.1309296,ChIJm4D0bdNzhlQRwU4eqgatSo8,Google,1168.8022790719579
Maxine's Cafe & Bar,4.5,687,Burrard,49.27791490000001,-123.1313221,ChIJIZ-EdbpzhlQRqQRe82W0TKo,Google,1171.2031134243887
Cardero's Restaurant,4.5,5137,Vancouver City Centre,49.2916101,-123.1274816,ChIJOQXpDoZxhlQRwQ2A6Ulh9-w,Google,1202.868214398334
Osaka Sushi,4.5,787,Burrard,49.2777172,-123.1317216,ChIJk7cGD9NzhlQRC7W5__vGJvk,Google,1207.1141049178996
Daikichi Sushi Shop,3.5,194,Burrard,49.2774349,-123.1312914,ChIJA-5fDNNzhlQRX42Z_zpcDoo,Google,1208.9851041114043
Original Tandoori Kitchen,3.9,346,Langara-49th Avenue Station,49.21915329999999,-123.1020795,ChIJDf5DMl10hlQRSkJuZs97PG4,Google,1285.6246318474286
Kopitiam Malaysia,3.7,403,Joyce‚ÄìCollingwood,49.2498546,-123.0341109,ChIJaUrrvsZ2hlQRbUoEvFz2t0I,Google,1288.0520174608694
iSushi Japanese Restaurant,4.4,153,Joyce‚ÄìCollingwood,49.2499391,-123.0341205,ChIJ-_BpAIZ3hlQRXkr9B4w5O64,Google,1297.457529049473
Takara Sushi,4.5,470,Gilmore Station,49.2546085,-123.0225166,ChIJbQwfVTd3hlQRrNbHfHr-z1Y,Google,1318.8160981762865
SeaHouse Restaurant,4.1,283,Waterfront,49.2736125,-123.1183968,ChIJe9g1ER1zhlQRTSOlVIq6exE,Google,1319.1832782041195
Subway,2.7,28,Marine Drive Station,49.2089106,-123.0988951,ChIJ7bPAOVd0hlQRmW-DalQiMx8,Google,1319.3612767712311
Nukkad Indian Street Eats,4.9,164,Sea Island Centre,49.1981057,-123.1413756,ChIJ5wj6nFB1hlQRqbazx4h4G5E,Google,1325.3353279812077
White Spot Kingsway,4.1,1632,Nanaimo Station,49.2490032,-123.0742037,ChIJ_TBEo6t2hlQREQbSorALnrU,Google,1329.7765166380802
Neptune Wonton Noodle,3.6,606,Sea Island Centre,49.1967851,-123.1404232,ChIJoZcnt9x0hlQRjmSrHXBhcFQ,Google,1335.578752858056
Super Chef Grill,4.6,204,Olympic Village Station,49.278552,-123.1157328,ChIJIY8E0n1xhlQRRqtqthf2YK0,Google,1335.700374339759
A&W Canada,3.6,205,Sea Island Centre,49.1967779,-123.1403404,ChIJi75Zj411hlQR6JTnNxFmOX8,Google,1341.0498890419913
BiBo Pizzeria,3.9,887,Sea Island Centre,49.1967649,-123.1401784,ChIJ_3adt9x0hlQRKOFpsUS8g30,Google,1351.8060236194435
Lunch Lady,4.4,1144,Commercial-Broadway Station,49.2749731,-123.0693852,ChIJL9D-EKBxhlQRsrmXmBaXfUU,Google,1373.3127418832612
Food Folk Eatery,5.0,3,Sea Island Centre,49.19673599999999,-123.1398484,ChIJd15_udx0hlQRwBOrCbRTLeM,Google,1373.692588106674
Hugo's Churros & Tacos,4.4,777,Sea Island Centre,49.1967292,-123.1397123,ChIJx9PAlaN1hlQRy-3Q3Kk4VOo,Google,1382.9099376775246
Ryuu Japanese Kitchen (YVR Outlet),2.4,353,Sea Island Centre,49.1966879,-123.1396266,ChIJi44Jx9x0hlQRFOp2luI1hZ0,Google,1387.512470808415
Pizza 222,0.0,0,Joyce‚ÄìCollingwood,49.2388833,-123.0511283,ChIJ5R_KkqJ2hlQRGLjSWXDHLIk,Google,1407.449255400743
ETEA cafe,3.8,390,Joyce‚ÄìCollingwood,49.2510367,-123.0345364,ChIJP9fhj8Z2hlQRkXBMcmjdJPw,Google,1422.4917504800947
Milltown Bar & Grill,4.3,2728,Sea Island Centre,49.2023602,-123.1443786,ChIJO9_NhsF0hlQRM9o_-ipikuQ,Google,1427.0464639093861
Shizenya Restaurant on Broadway,4.4,376,Broadway-City Hall Station,49.26386979999999,-123.1342545,ChIJd8nsrsZzhlQR_zEsdqKbsl0,Google,1433.802461425384
Hula Poke,4.0,77,Sea Island Centre,49.1969663,-123.1390737,ChIJZRGU9WN1hlQRgl3es2bG-18,Google,1435.0822146099185
Autostrada Osteria Main Street,4.4,384,Oakridge-41st Avenue,49.24172859999999,-123.1016477,ChIJ75lsKAp0hlQRWHeE2gb60f0,Google,1447.18541371209
Maizal RMF,4.4,592,Main Street-Science World,49.2599949,-123.1013468,ChIJS7TPzuNzhlQRDLeDEoR65kU,Google,1467.0127225891765
Cibo Trattoria,3.9,210,Olympic Village Station,49.2793994,-123.1204307,ChIJG3E_JH5xhlQRARNRbsTDHkw,Google,1471.88035837596
Cafe de l'Orangerie,4.4,1248,Marine Drive Station,49.2041713,-123.1354751,ChIJgX5WN-t0hlQR6OHkfPphZRw,Google,1473.5471153876545
La Raza Mexican Cuisine,0.0,0,Joyce‚ÄìCollingwood,49.250408,-123.0403444,ChIJaeIvQdZ3hlQR62iBkWgU13A,Google,1476.256253312138
Absinthe Bistro,4.6,420,Commercial-Broadway Station,49.2759794,-123.0693283,ChIJlyrTET9xhlQR-mtL9pgF4qs,Google,1485.1809050141107
Ragazzi Pizza Co,4.4,552,Joyce‚ÄìCollingwood,49.2503946,-123.0417593,ChIJtYdu7cd2hlQR_ZI1AZv_R1g,Google,1521.1636035935137
Lift Bar Grill View,4.2,1572,Waterfront Station,49.2936612,-123.1296542,ChIJdVf3y4hxhlQR55KiHpZHEDE,Google,1571.6111206908047
Johnny‚Äôs on Oak Restaurant Vancouver (Best Neighbours Restaurant),4.4,424,Broadway-City Hall Station,49.25141,-123.127289,ChIJY29n8q13hlQR_AuS1MP2CyI,Google,1586.2346647445415
Trattoria Burnaby,3.9,2503,Royal Oak Station,49.2301941,-123.0039355,ChIJwUaKHvZ2hlQR6O83uq2i2HA,Google,1589.6817140327867
Yue Ting Seafood Restaurant,3.6,182,Joyce‚ÄìCollingwood,49.23963089999999,-123.0536173,ChIJO6SwROx3hlQR7qsuAwkMw9M,Google,1593.1462722002484
chefhyve,4.7,326,Joyce‚ÄìCollingwood,49.2400203,-123.0536254,ChIJD9FqHfZ3hlQR93H8FJxScfg,Google,1598.107531891751
Kwan Luck Restaurant,4.1,286,Joyce‚ÄìCollingwood,49.2396305,-123.0540767,ChIJ9a69qaN2hlQRpVzGWXK0ZvA,Google,1626.3687058784128
Trocadero Pizza & Steak House,4.3,490,Nanaimo Station,49.26307680000001,-123.0569475,ChIJ09KN6TVxhlQR0907w_MD0mg,Google,1647.229214117739
Bubble Waffle Cafe,3.5,14,Sea Island Centre,49.2064362,-123.1476691,ChIJU7sYEbl1hlQRfxNLIwpmCVQ,Google,1663.837475532501
Church's Texas Chicken,3.9,2164,Joyce‚ÄìCollingwood,49.2400885,-123.054624,ChIJ_7XkpqN2hlQRlBw68Ti3UAc,Google,1670.9959174107398
Metro town,0.0,0,Joyce‚ÄìCollingwood,49.2401005,-123.0546516,ChIJD9lMwEJ3hlQRWgJgRKZzpOw,Google,1673.139032838536
McDonald's,3.5,753,Broadway-City Hall Station,49.2633885,-123.1379777,ChIJbW0YnsdzhlQR2mtc9pcWMWw,Google,1701.2517952756612
Hikari Cafe,4.4,77,Oakridge-41st Avenue,49.2341819,-123.1401925,ChIJ6RGXM4BzhlQRBDu24fv8BfI,Google,1713.543166872858
Mazahr Lebanese Kitchen,4.8,588,Broadway-City Hall Station,49.2616169,-123.1382068,ChIJvwZJqBxzhlQR-es8abhT5zM,Google,1724.1992784851084
"Thai Son Restaurant (Marine Dr, Vancouver)",4.0,404,Marine Drive Station,49.2044495,-123.1394399,ChIJ-WKsPup0hlQRFSu9T1WoLQ8,Google,1729.0883232373706
Subway,4.0,169,Marine Drive Station,49.21054410000001,-123.0930479,ChIJ9_qZN1B0hlQRPKDVi8YPA8w,Google,1744.0990164547325
New Fishport Seafood Bistro,3.9,199,Marine Drive Station,49.2105876,-123.0926189,ChIJn6xdOQF1hlQRCNrrNczEZ_Q,Google,1775.485608748286
Tin Tin Seafood Harbour,4.0,1069,Sea Island Centre,49.186607,-123.1354193,ChIJxdykwCd1hlQRa_oqLfL27OE,Google,1783.0638461264778
Sen Pad Thai,4.2,245,Granville,49.2728156,-123.134995,ChIJJaBwcM5zhlQRklpR_RexGAw,Google,1796.9848508411746
the apron,4.0,155,Sea Island Centre,49.1907358,-123.1333793,ChIJi_-UK990hlQR34VR-RbEdw8,Google,1799.600000387311
Pho Zen Vietnamese Cuisine,4.4,214,Marine Drive Station,49.2106133,-123.0922313,ChIJTRR5Ez11hlQRc0UZbj4e7vc,Google,1803.7594037481338
Sprig Contemporary Greek Kitchen,4.5,69,Granville,49.2727438,-123.135125,ChIJAZNLdM5zhlQRbYf9d1KOECk,Google,1809.3417705102145
Popina Canteen,3.7,519,Granville,49.2729106,-123.1355482,ChIJv7-lqmVzhlQRRN2dTBHmeXM,Google,1821.0105190937381
Banana Leaf on Davie,4.3,1065,Olympic Village Station,49.27990579999999,-123.1302276,ChIJy8QPstRzhlQRwnXVAci0KBA,Google,1825.3617603228201
So Hyang Korean Cuisine,4.4,1307,Langara-49th Avenue Station,49.227049,-123.0909204,ChIJjapwJRV0hlQROAAoOLJVmGY,Google,1829.3144953800008
Great Grain Food,4.0,1,Sea Island Centre,49.1865142,-123.1346997,ChIJT4b33VV1hlQRD8j4XEtMNUE,Google,1835.138701251636
Carmelo's Ristorante Italiano,0.0,0,Sea Island Centre,49.2044042,-123.1394819,ChIJ82-iPup0hlQRTpgr2UFH9D4,Google,1839.5721421591486
Flaming Wok,1.8,169,Olympic Village Station,49.2830173,-123.1179621,ChIJEcWdQX9xhlQRHPu0WCGGzuY,Google,1840.0564634618518
SAMURAI SUSHI ON FRASER,4.0,679,Langara-49th Avenue Station,49.2262254,-123.0905408,ChIJdz3sNRV0hlQRmd_vjbfP8Ps,Google,1854.6214449352133
Mozza Restaurant and Lounge,4.1,14,Sea Island Centre,49.1849988,-123.1354715,ChIJq4iNvAR1hlQRAW6fZEk0fos,Google,1858.7846555637118
Tap & Barrel ‚Ä¢ Bridges,4.2,516,Granville,49.272772,-123.1363545,ChIJ88LyhPRzhlQR7fln-odwvJA,Google,1876.1877932660418
Dockside Restaurant,4.0,1084,Granville,49.26950739999999,-123.1312771,ChIJP6I2o89zhlQRSd2949wlALs,Google,1885.8101628767743
Church's Chicken,3.9,2152,Oakridge-41st Avenue,49.2326404,-123.0901163,ChIJydf90BN0hlQR5OFVu-6ooK0,Google,1927.0608884129726
Suika Japanese Restaurant,4.5,1939,Broadway-City Hall Station,49.2634882,-123.1417108,ChIJ_4mfbbhzhlQRMEEC_lcgKOE,Google,1972.3387230939932
"Rocky Mountain Flatbread, Main Street",4.6,1503,Oakridge-41st Avenue,49.2478181,-123.1009174,ChIJn2elb_dzhlQRDoa-HdO2awg,Google,1990.4689804556087
Ancora Waterfront Dining and Patio - False Creek,4.3,1095,Waterfront Station,49.2738232,-123.1325412,ChIJrVQM-NFzhlQR5039qtBEmXE,Google,2002.122530812169
Flying Beaver Bar & Grill,4.4,4174,Yvr‚ÄìAirport,49.177294,-123.1681976,ChIJGfIH_CcLhlQRXUIWNqgCxw8,Google,2018.3280954112583
Fisherman's Terrace Seafood Restaurant,3.9,1293,Sea Island Centre,49.183362,-123.1342208,ChIJTZIwFSZ1hlQRB-7WRCF4Y3g,Google,2029.3979045234887
Shanghai Morning,3.7,68,Sea Island Centre,49.18408429999999,-123.1334621,ChIJOUQagah1hlQR2U9jBmp6u-g,Google,2035.8337954124408
Ipoh Malay Cuisine ÊÄ°Â†°È©¨Êù•ÁæéÈ£ü,4.0,574,Sea Island Centre,49.2041115,-123.1354047,ChIJA6XvZul0hlQRkENjK8lTR_4,Google,2045.2667959764158
Chef Hung Taiwanese Beef Noodle,3.5,299,Sea Island Centre,49.183573,-123.1335789,ChIJGenKECZ1hlQRrKz19I9OXXw,Google,2056.970785670142
Man Ri Sung Restaurant,4.0,305,Sea Island Centre,49.1835596,-123.133584,ChIJ6wuJjjR1hlQRgi9dqSchdpk,Google,2057.416190125171
BESPOKE & SUSHI,4.7,140,Sea Island Centre,49.2040869,-123.135118,ChIJ0bGJRhl1hlQR8nqrqudRBI4,Google,2060.314278446499
Eh! Restaurant,4.0,19,Olympic Village Station,49.2846159,-123.1232096,ChIJnYm4UoBxhlQRPQqYCXQENhI,Google,2084.000746086541
Ikura Sushi,3.5,448,Sea Island Centre,49.2079003,-123.1403017,ChIJh589Out0hlQR-T0J61niPO8,Google,2088.347831104372
Chef Tony Seafood Restaurant,3.9,1408,Sea Island Centre,49.1804113,-123.1361704,ChIJb9r02C51hlQRHDWo4LY1Gbw,Google,2113.174951294501
KFC,3.4,83,Sea Island Centre,49.1917242,-123.1287886,ChIJY1jJ8QB1hlQRb3x0JE3ZzTk,Google,2119.8526802809024
Donair Dude,4.2,80,Sea Island Centre,49.1916899,-123.1287891,ChIJGRjeQnh1hlQRMmWZ4w6YR9k,Google,2120.0850423936363
Peko Peko Cuisine Ltd,5.0,1,Sea Island Centre,49.2045489,-123.1345885,ChIJAQDwW-l0hlQRORRsWRFcE1Q,Google,2121.8952884686873
Ph·ªü Nhu·∫≠n,4.1,280,Joyce‚ÄìCollingwood,49.25740260000001,-123.0340366,ChIJAzovNc52hlQRRSBayQPWTi0,Google,2122.4310843696117
Sushi Yan Japanese Restaurant,4.0,490,Olympic Village Station,49.284805,-123.124321,ChIJKT8EWIBxhlQR-p49NhX9rVo,Google,2126.8082852756443
Subway,3.9,273,Sea Island Centre,49.191678,-123.1286652,ChIJ2z-Not90hlQRKGOOc8TMPgY,Google,2129.1603316589435
Burger King,3.0,1152,Sea Island Centre,49.1912455,-123.1287038,ChIJx3Fdvd90hlQRYAwOZ664z9w,Google,2130.3524892592955
Song (by Kin Kao),4.4,238,Commercial-Broadway Station,49.2629717,-123.0986218,ChIJS4OuFN5xhlQRDjKjnzsRfaY,Google,2132.6925530583303
Jasmine Flower Shanghai Cuisine,4.1,259,Sea Island Centre,49.20923029999999,-123.1402276,ChIJS9atsZR0hlQRjSA4VBcF3lg,Google,2210.283889377017
Published on Main,4.5,883,Main Street-Science World,49.25281769999999,-123.1011575,ChIJWx0eDi9zhlQRtAITySyE3oE,Google,2264.056406620641
It's Okay,4.5,71,Commercial-Broadway Station,49.2812846,-123.0550644,ChIJt75l9qBxhlQRjxZr01jMiMo,Google,2315.848827851919
Sea Harbour Restaurant,3.7,615,Sea Island Centre,49.1963203,-123.126179,ChIJCV-f1OZ0hlQRw53_mACMCC8,Google,2332.8632918958688
Ming Tak Hong Kong Style Restaurant,3.7,133,Sea Island Centre,49.2108307,-123.1407089,ChIJIy0YfZN0hlQR5GiftEFdvLk,Google,2338.578391308554
S2 Cafe House,4.5,140,Commercial-Broadway Station,49.2809283,-123.0854636,ChIJFymBGG1xhlQRW-lGLw9oeT8,Google,2351.4116361539895
East is East,4.4,2067,Langara-49th Avenue Station,49.245425,-123.1014907,ChIJV1fttPdzhlQRTvWMaI4H8UQ,Google,2382.886748057198
Red Star Seafood Restaurant,4.0,917,Sea Island Centre,49.21118569999999,-123.1402257,ChIJGYSUD4FxhlQRPynZNtbWUDM,Google,2390.710953857422
Hoa Phuong Do Restaurant,4.7,94,Joyce‚ÄìCollingwood,49.2382751,-123.0652076,ChIJcWJMx-p3hlQRkfPZevSaaqg,Google,2428.507977377287
Viet Mama Cafe,4.3,353,Joyce‚ÄìCollingwood,49.237963,-123.065221,ChIJ-zuJFbd3hlQR0qzhKqQOmp0,Google,2429.892143913934
Sushi Royal House,3.9,480,Joyce‚ÄìCollingwood,49.2585831,-123.0445144,ChIJn-mKjct2hlQRWGdzDitImcw,Google,2430.5300729718847
Donair Affair,4.0,124,Joyce‚ÄìCollingwood,49.2584695,-123.0450369,ChIJAzopFJd3hlQRD0Jv8SqEVP0,Google,2433.6266477255467
Truong Thanh Restaurant,4.2,619,Joyce‚ÄìCollingwood,49.244416,-123.064108,ChIJf552-aV2hlQRpwQgOGxgVC4,Google,2442.737785111108
Kozak Ukrainian Eatery & Mill,4.6,804,Joyce‚ÄìCollingwood,49.2386735,-123.065649,ChIJQRdBB3Z3hlQRJCZDUe13F54,Google,2460.746135096272
Sandy La Chinese Restaurant,3.8,903,Joyce‚ÄìCollingwood,49.23705710000001,-123.0656133,ChIJzfjZIR50hlQRNIWisuSIk_U,Google,2462.320641253465
La Piazza Dario,4.3,631,Joyce‚ÄìCollingwood,49.2571655,-123.0502163,ChIJTSkUZ8p2hlQRlmDl4VjKMeo,Google,2482.2697941928577
Paul's Omelettery Restaurant,4.4,1124,Granville,49.2659882,-123.1386977,ChIJk5Qv1cdzhlQRC9m9Hes_il8,Google,2526.221482322205
MeeT on Main,4.5,2754,Langara-49th Avenue Station,49.246725,-123.101034,ChIJ_Wj-oPdzhlQRz30MQolrOa0,Google,2527.3428741104162
Sushi Flamingo,4.8,173,Burrard,49.2691662,-123.1460991,ChIJ2Y0E7mhzhlQRKGYU--iec7E,Google,2617.048995014991
Chef Hung Taiwanese Beef Noodle,3.8,318,Oakridge-41st Avenue,49.2343759,-123.1529671,ChIJA5qE53tzhlQR6P0QCnBWG0c,Google,2640.755673462434
New Chong Qing Restaurant,3.1,93,Oakridge-41st Avenue,49.2343994,-123.1533103,ChIJi4-5wntzhlQRaa0Kw6K54Go,Google,2665.7756469956817
Golden Ocean Seafood Restaurant,4.0,795,Oakridge-41st Avenue,49.2343419,-123.1533765,ChIJtyIsw3tzhlQRQC-xZW1-h3w,Google,2670.2537851373804
Fish Caf√©,4.4,231,Oakridge-41st Avenue,49.2347044,-123.1535126,ChIJgT1F23tzhlQRXBrTML1ykpE,Google,2682.4003791386617
Kerrisdale Nakamura Japanese Cuisine,4.0,87,Oakridge-41st Avenue,49.2347058,-123.1535715,ChIJO-JN23tzhlQRMFDujy_MORg,Google,2686.678083522349
Sushi Bar Ajisai,4.4,910,Oakridge-41st Avenue,49.2339849,-123.1536839,ChIJPxxSl3tzhlQRPUzK9vPQokk,Google,2690.9028699062546
Mi Casa Mexicana,4.5,542,Burrard,49.2678156,-123.1458512,ChIJrarqOTx3hlQRKwdrO4kjGfM,Google,2711.391092437091
The Red Wagon,4.4,1760,Renfrew Station,49.28103489999999,-123.0610898,ChIJIdchfhhxhlQRNmbx0FTadWA,Google,2712.1346882766993
Nando's PERi-PERi,4.1,998,Oakridge-41st Avenue,49.23424499999999,-123.1540599,ChIJt-BbwXtzhlQRvEe2Y-wfSi4,Google,2719.3155337143494
Pho Tan Vietnamese Restaurant Beef Noodle Soup & Bubble Tea,4.3,645,Oakridge-41st Avenue,49.23441099999999,-123.1543518,ChIJFWYUx3tzhlQRP8YRGbxlfPQ,Google,2741.362368921646
Locus Restaurant & Lounge,4.4,659,Main Street-Science World,49.2484964,-123.1012786,ChIJAQ4oXPdzhlQRQ8r6R7SkFpk,Google,2744.632684238044
McDonald's,3.1,2250,Oakridge-41st Avenue,49.2348083,-123.1547561,ChIJd7pHyHtzhlQR9d68GQ7l70A,Google,2773.246114879841
Novo Italian,4.3,643,Burrard,49.2666203,-123.1454703,ChIJGUqN0rdzhlQRKgnl-CofZDk,Google,2791.345326457298
Okini Restaurant & Bar (formerly Land & Sea),4.5,661,Oakridge-41st Avenue,49.219327,-123.1493375,ChIJp2Gg2tx1hlQRk0V3_4afIiI,Google,2828.5402949604368
The Marquis Bar and Grill,4.1,381,Granville,49.2621417,-123.1384342,ChIJlf0knrhzhlQR3MENgJSV1SI,Google,2854.579725494811
Vij's,4.4,2380,Granville,49.2576123,-123.1148761,ChIJAYrXprhzhlQRNvJZ81CUED8,Google,2856.9021509694485
Burrata Pizzeria,4.3,263,Oakridge-41st Avenue,49.23448,-123.1559753,ChIJiTSF0ytzhlQRj1WHnJFCP0U,Google,2859.4769358536532
The Hide Out Diner,4.6,254,Renfrew Station,49.2676871,-123.0824638,ChIJTfOnpENxhlQRsgl8YWcNhM4,Google,2862.869778053316
White Spot Kerrisdale,3.8,879,Oakridge-41st Avenue,49.237693,-123.155612,ChIJkWXK_XlzhlQRxUuv-2x-KME,Google,2873.8512502011076
Baoguette Vietnamese Bistro,3.9,513,Oakridge-41st Avenue,49.23447789999999,-123.1562083,ChIJseCArntzhlQR7UfHBZk26HA,Google,2876.360257234578
ZUBU Ramen - Kerrisdale,3.8,349,Oakridge-41st Avenue,49.2347528,-123.1564082,ChIJxxqe3XBzhlQRSEJSqRMoewE,Google,2892.563743501786
Sidra‚Äôs Pizza,4.2,102,Oakridge-41st Avenue,49.2325337,-123.0765464,ChIJ-3Z3vqt1hlQRenYeN6Oei2s,Google,2912.3279504608195
Joon's Kitchen,4.5,366,Granville,49.2580941,-123.1271409,ChIJKT2wgH5zhlQRVY9mtMzWaus,Google,2913.4655117674292
Baan Wasana Thai Restaurant,4.4,202,Oakridge-41st Avenue,49.234785,-123.15673,ChIJq1VMU3pzhlQREAe72lFhbAc,Google,2916.10437712711
Unchai Restaurant,4.6,365,Burrard,49.26501529999999,-123.1458978,ChIJG8ff4B1zhlQRQrfFrqiOlWA,Google,2947.8209566493356
Mazuya Sushi Restaurant,3.8,96,Burrard,49.265004,-123.145892,ChIJIdR4l7dzhlQRO0KEaW_7Vt4,Google,2948.5286488041947
Tim Kee Kitchen Cantonese & Szechuan Cuisine,2.2,120,Burrard,49.2649321,-123.1458967,ChIJJ0XYmbdzhlQRtoSUHGYko_g,Google,2954.9444593050057
Jess' Restaurant,4.4,253,Oakridge-41st Avenue,49.23482569999999,-123.1572636,ChIJgbjAfkZzhlQRmj1ew3Wh0oQ,Google,2955.0534934267425
East Side Craft House,4.2,983,Oakridge-41st Avenue,49.2329442,-123.0759102,ChIJZ-8esBl0hlQRFPLJisQ2ruc,Google,2957.7822603133873
Trackers Cafe,4.2,6,Renfrew Station,49.28547529999999,-123.0404316,ChIJ-9xREN5whlQRivHpx3eIOIY,Google,2976.388459604527
Rayhan,4.2,297,Granville,49.2573836,-123.1270526,ChIJU8DtYepzhlQR9IUz37U4e5w,Google,2987.818438764625
ASA Sushi,4.1,889,Oakridge-41st Avenue,49.2344792,-123.1580227,ChIJR7kV_HpzhlQRAkJoPqYo_PM,Google,3007.941497544921
Papaya Hut Restaurant,3.9,182,Burrard,49.264136,-123.1459465,ChIJmfdlgrdzhlQRngOJ7AtGexQ,Google,3026.387283020456
C&T Fried Chicken Â§ßÈ∏°ÁÇ∏È∏°,4.4,226,Burrard,49.2640931,-123.1460681,ChIJ89uOUPlzhlQRphU_sy2aM_k,Google,3035.5879094630977
Sip Bowl,3.8,440,Oakridge-41st Avenue,49.2348048,-123.1587418,ChIJtWPIRQRzhlQRm5oNzANnLJA,Google,3062.0372314555934
Orange Corner,3.9,193,Oakridge-41st Avenue,49.2347874,-123.1587604,ChIJLVUT5XpzhlQR1-whMReNvH4,Google,3063.2706049568496
41 Noodle & Rice Pot House,4.0,212,Oakridge-41st Avenue,49.2348007,-123.1591613,ChIJiY787npzhlQRBF38KCx3UwQ,Google,3092.414927615088
Legato Cafe,4.1,158,Oakridge-41st Avenue,49.2344758,-123.1592101,ChIJb4hO5npzhlQRFjji9XsgqeI,Google,3094.037301455277
The Stable House Bistro,4.3,354,Granville,49.2597418,-123.1389204,ChIJLcQPLr9zhlQRpmUhaerIKsI,Google,3096.860376218174
Kokoro Tokyo Mazesoba - Kerrisdale,4.3,173,Oakridge-41st Avenue,49.2348545,-123.1592896,ChIJTVXwvcZzhlQRMwBXLDlgvDo,Google,3102.0711070792963
Bin 4 Burger Lounge,4.5,2184,Granville,49.2590677,-123.1384472,ChIJA4KAIr9zhlQRiJTB-fSnrbg,Google,3142.6790513828587
Nook,4.5,511,Olympic Village Station,49.2917163,-123.1353086,ChIJWX04OYhxhlQRrj8ua53qkZc,Google,3142.757700720267
Caffe Barney on Granville,4.4,553,Granville,49.2592341,-123.1389622,ChIJ19T8I79zhlQR2j1AVQWEYKs,Google,3146.341028424906
Breakfast Table South Granville,4.6,1158,Granville,49.258568,-123.1385172,ChIJG-euocdzhlQRjR_JfrqT7mE,Google,3193.016139946394
Flamingo Chinese Restaurant,4.0,483,Marine Drive Station,49.2105751,-123.072748,ChIJ1SC-VD5_C0ERFR2rRlPM0G8,Google,3217.5935374164933
Barra 41,4.4,206,Oakridge-41st Avenue,49.2347964,-123.1614924,ChIJrSK0t3pzhlQRJzlIwv4Rsc8,Google,3261.361862127309
Minerva‚Äôs Restaurant,4.4,825,Oakridge-41st Avenue,49.2348069,-123.1616032,ChIJWSFJtnpzhlQRfhTTUMJTgPU,Google,3269.4591992806068
Lok's Chinese Restaurant,3.4,140,Oakridge-41st Avenue,49.2344793,-123.1619438,ChIJzdOktXpzhlQR98yq-XVJCaE,Google,3292.3314214623165
Moxies West Georgia Restaurant,4.1,662,King Edward Station,49.2788916,-123.1130907,ChIJqXfGF3xxhlQRAvL-tqjuoZk,Google,3309.062289225258
The Meat Up Vancouver,4.0,520,Yvr‚ÄìAirport,49.2132867,-123.1400707,ChIJEcFH9fl1hlQReigZBkalKFw,Google,3493.324548570475
Mirchi Restaurant,4.3,367,Yvr‚ÄìAirport,49.2135604,-123.1401528,ChIJsY-AzpN0hlQRUDNi12On4Og,Google,3507.1714726432065
Free Bird Table & Bar,4.1,360,Yvr‚ÄìAirport,49.1703879,-123.1448497,ChIJxcI3qf8LhlQRPGKUpisUAJ4,Google,3594.05877698944
Sushi Nanaimo,4.2,1261,Nanaimo Station,49.281536,-123.056335,ChIJWz8ZnxhxhlQRfAFU8IGkE0g,Google,3698.2279412392604
Harold's Kitchen & Bar,4.2,451,Yvr‚ÄìAirport,49.17083969999999,-123.1416164,ChIJpZH_9MwKhlQRkxtACt736go,Google,3721.64001759528
Northern Cafe,4.8,1350,Langara-49th Avenue Station,49.2084927,-123.0724719,ChIJmVo1HEt0hlQRJ4QISlw3B9c,Google,3731.146454876276
75 West Coast Grill,4.1,419,Yvr‚ÄìAirport,49.17047119999999,-123.1406044,ChIJLz0668wKhlQRBfuEmfBpw1E,Google,3802.977902625602
Baghdad Cafe,4.3,751,King Edward Station,49.2834678,-123.1143229,ChIJrze9xnhxhlQR_Ti-FoVCy9k,Google,3813.4403952650487
Fat Boy Kitchen,4.6,281,Marine Drive Station,49.22098510000001,-123.0660341,ChIJ2etXuj11hlQR-4LbFPZ7S04,Google,3911.2362412469433
MrBeast Burger,2.8,146,King Edward Station @ Platform 1,49.2840972,-123.1253498,ChIJXRAF1S9zhlQR1cmzdBjrlf0,Google,3942.510835848689
McDonald's,3.3,1213,King Edward Station @ Platform 1,49.2847911,-123.1211008,ChIJwzHipIFxhlQRxElqKULGPnI,Google,3977.2752755162132
Red Robin Gourmet Burgers and Brews,4.0,3479,King Edward Station @ Platform 1,49.2844629,-123.1252837,ChIJX405X4BxhlQRuNnCIzK47E4,Google,3981.728670762658
Rice 'N Spice,4.3,123,King Edward Station,49.28526069999999,-123.1214913,ChIJwzHipIFxhlQRwe_4M0L2vsU,Google,4031.940226366934
Valendine,4.1,26,King Edward Station @ Platform 1,49.2853184,-123.1215723,ChIJTxhm3dBxhlQRj-f1Gr05nqs,Google,4039.012280211359
PHAT Deli & Catering (Royal Centre),4.2,73,King Edward Station @ Platform 1,49.28544549999999,-123.1215187,ChIJs2IPooFxhlQRS8JevY0Gl-k,Google,4052.674621114969
Dingding Restaurant,4.3,46,Commercial-Broadway Station,49.282063,-123.1165684,ChIJsZojy6txhlQRMUlKl0r7U68,Google,4057.6828703075844
Time & Place,4.4,63,Gilmore Station,49.2286216,-123.0044532,ChIJpeM1TIJ3hlQRALeXmpKjmC4,Google,4095.3802724250177
Fable Kitchen,4.5,1119,Oakridge-41st Avenue,49.267953,-123.1490005,ChIJNXOZc7ZzhlQRy2U3C2u572c,Google,4526.257913816598
LanaLou's Restaurant,4.5,287,Renfrew Station,49.2830167,-123.096257,ChIJi-YOfHFxhlQRQv-uuK9EoUk,Google,4562.448047825648
Mango Junction Pizza,4.7,37,Commercial-Broadway Station,49.285311,-123.1216458,ChIJLWV-TO5xhlQRBeG3ynVM-r0,Google,4563.03706692874
Black+Blue,4.3,3903,Commercial-Broadway Station,49.2845363,-123.1228402,ChIJu1r9tIFxhlQRsfy5cILqdDs,Google,4589.201467425034
Belgard Kitchen,4.5,1397,Renfrew Station,49.2842595,-123.0955895,ChIJYVl6xHNxhlQRAXeshoHK9Lo,Google,4606.578897458832
Frying Pan on Denman,4.8,373,King Edward Station,49.2883562,-123.1404374,ChIJZwA2m49xhlQR1WVx2aTcQp0,Google,4706.3356655741
i-Cafe,3.9,524,Nanaimo Station,49.2630417,-123.1200751,ChIJwy-p1MJzhlQRriE5xLyy_Ek,Google,4937.189296890499
Tao's Kitchen,4.6,56,Yvr‚ÄìAirport,49.2339329,-123.1399534,ChIJ42_DMYBzhlQRnst81B5HhFk,Google,5220.952274765497
Cactus Club Cafe Station Square,4.3,1531,Lake City Way,49.2276969,-123.0033881,ChIJ_WbkA-t3hlQRneV3Hiaho0E,Google,5538.654785316891
H-Mart Food Court,3.7,3,Nanaimo Station,49.2804691,-123.1188964,ChIJvc9hLoBxhlQR2G77dSSsmZA,Google,5804.8943917364895
Five Guys,4.3,3721,Nanaimo Station,49.2810797,-123.119073,ChIJz8KVrH9xhlQRLmjJfMc3Hbc,Google,5857.00411585183
Victoria Chinese Restaurant ÊÇÖÊµ∑Â§ßÈÖíÂÆ∂,3.6,453,Oakridge-41st Avenue,49.2858583,-123.121306,ChIJwzHipIFxhlQR2wWVB5AOSfg,Google,5870.068141915828
Birdies Eats & Drinks,4.5,68,Lake City Way,49.2654067,-123.0195924,ChIJR66qkPl3hlQRo3sbz6cmASs,Google,5957.883640981965
Pizza Garden,4.2,796,Langara-49th Avenue Station,49.280159,-123.1209103,ChIJaz-7LX5xhlQRO8DGlXo_cj4,Google,6007.000673861963
Van Hot Dog,2.6,5,Nanaimo Station,49.2830642,-123.1227283,ChIJ54d6rX9xhlQRei7FTT0lXRA,Google,6201.878718923351
Grand Honour Restaurant,3.8,267,Nanaimo Station,49.2341451,-123.140103,ChIJ5byQMYBzhlQRb2GqFTVT4vA,Google,6310.411945363786
Homer St. Cafe and Bar,4.4,1540,Rupert Station,49.27841060000001,-123.1182819,ChIJG_9jCH5xhlQRtcDS3SP5k_U,Google,6467.368993648042
Kosoo Korean Restaurant Chicken & BBQ - 2nd Branch,4.1,607,Nanaimo Station,49.28500529999999,-123.1258721,ChIJA4UmUSFxhlQR7HaNyRWpQy0,Google,6514.78408907452
The Main,4.0,743,Gilmore Station,49.2474396,-123.1009578,ChIJ0wcWcvdzhlQRL7d6DXBUfbg,Google,6629.336395195399
Vina,3.1,64,29th Avenue Station,49.28282799999999,-123.1179437,ChIJrU6fCYJxhlQRu5XVukBdgiI,Google,6748.567192430902
Mom‚Äôs Grilled Cheese Truck,4.6,27,29th Avenue Station,49.28279329999999,-123.1189538,ChIJNxKojddxhlQRKH__3KrFeRs,Google,6802.911806230678
Mean Poutine,4.2,652,29th Avenue Station,49.2793901,-123.1234589,ChIJeTFgOtJ9C0ERLUv5IanXSHw,Google,6837.151673308904
Foodkort Dining Ltd,0.0,0,Gilmore Station,49.2675727,-123.108655,ChIJRftNCd9zhlQRFLRheEZ2zPs,Google,6899.9481153733295
Gyu King Teppanyaki,4.1,383,29th Avenue Station,49.2842719,-123.1224908,ChIJjUuBy4FxhlQR491YVe01ovA,Google,7105.848527574393
Green Leaf Salad Bar,4.6,228,29th Avenue Station,49.28803240000001,-123.1236774,ChIJk-xDAoRxhlQR_OKJ1jcmJRU,Google,7439.50930846088
Llh Eatery Inc,0.0,0,Nanaimo Station,49.2913176,-123.1348826,ChIJCRZ-FohxhlQRpmA6swpISM4,Google,7465.143951668205
Aidan‚Äôs,4.8,76,Gilmore Station,49.2877594,-123.1182715,ChIJPdJBJhFxhlQRbIYi9qimxlY,Google,8002.246698392217
Symphonie Restaurant,4.5,79,Gilmore Station,49.2877094,-123.1219698,ChIJfXJK_YNxhlQR2TcsJADmMbA,Google,8255.455533936507
Fresh Donair,4.6,706,Templeton,49.2792187,-123.1233884,ChIJM8lbKtPRhVQRGUDVqKCrn40,Google,9350.45526476725
Chit Chat Burger Bar,4.3,409,Bridgeport Station,49.2798579,-123.1224815,ChIJ1S8S8tdzhlQRrGQRKDN6P5E,Google,9380.128081384835
Fatburger Granville,4.1,129,Templeton,49.28192869999999,-123.1185842,ChIJ1TJyEh1xhlQRwYw_LeF5Qgg,Google,9713.567193805779
Kyuzo Japanese Restaurant,4.1,190,Gilmore Station,49.2338988,-123.1400315,ChIJeXYDNIBzhlQRNkGaTWf3OYI,Google,9802.27281548951
Mangos Kitchen Bar,4.4,1787,Patterson,49.2781259,-123.1262974,ChIJZ3g3Z9RzhlQRAwBHOA1-EpU,Google,9846.07413172158
Twins Chinese Kitchen,4.0,197,Patterson,49.2787832,-123.1282499,ChIJhVvqkdRzhlQRJG5LM8r9zLc,Google,10004.663350039908
Joe Fortes Seafood & Chop House,4.5,6262,Patterson,49.2849486,-123.1245531,ChIJiUwIWIBxhlQRzKG3k_9C-T8,Google,10178.397871625813
Bacaro,4.3,168,Templeton,49.28800769999999,-123.1166427,ChIJu-Qe8ERxhlQRU5g9hZdQktQ,Google,10404.029114612822
The Italians,4.3,357,Patterson,49.2814805,-123.1336165,ChIJJZFm0PtzhlQRg1ty-K6LJ9s,Google,10494.555689987023
PIER 7 Restaurant + Bar,4.0,1963,Lake City Way,49.3095283,-123.0802079,ChIJA2jYL01whlQRRbgzs6V6Jh4,Google,11914.312136907563
MoMo Sushi Royal Center,4.0,6,Royal Oak Station,49.285265,-123.1216604,ChIJexDV72JxhlQRcbjNJ_w8Cso,Google,12082.678668885237
Sura Korean Royal Cuisine Restaurant Vancouver,4.3,2029,Royal Oak Station,49.2888682,-123.1316666,ChIJcw7-mYdxhlQRxq9ZD4tvuH0,Google,12904.287593482457
Mr. Shawarma Granville Location,4.9,14,Lake City Way,49.2826324,-123.1177209,ChIJsZA9cXBxhlQRinTjwXCWK2w,Google,13324.002100001873
Tokyo Katsu-sand,3.8,149,Lake City Way,49.2824411,-123.1183929,ChIJJ_HY0iBxhlQRwuOf3FObAYc,Google,13366.493564961793
bbq Chicken & Pub Main ST,4.8,830,Columbia,49.2448463,-123.1010764,ChIJl7JdMZpzhlQR34309UfxWo8,Google,14840.79382267277
Chickpea Restaurant,4.4,2536,Columbia,49.2465917,-123.1010316,ChIJ7_0WpPdzhlQR2ULoL78zALs,Google,14896.812482245397
Restaurant Yugo,4.4,654,Columbia,49.2475422,-123.1014392,ChIJ322icvdzhlQRxMfS0AOvyGU,Google,14958.03594164232
Caf√© Gloucester,4.0,1013,Columbia,49.2555357,-123.114905,ChIJfdqU3u5zhlQRuyU2sQvVfWY,Google,16175.153066208683
Soupspoons,5.0,1,Columbia,49.2552537,-123.1154207,ChIJoQzDy19xhlQRrO0Kfel39y8,Google,16199.415362993992
Hot Delivery,3.9,189,Columbia,49.2586035,-123.1148724,ChIJE_qokOhzhlQRg2WJvscN8QQ,Google,16294.568445851934
La Playita Seafood,4.7,200,Columbia,49.2826512,-123.1093483,ChIJtRJImhlxhlQRPexwQf8v5kM,Google,17103.764922619826
Union Latino's food,4.4,158,Columbia,49.2777688,-123.1255615,ChIJy0-P0olzhlQRxSLsSsM-jCY,Google,17876.65213170646
Grand View Szechuan Restaurant,4.4,135,King George,49.2478619,-123.0903444,ChIJk3YdqfhzhlQRxyWKGufh0rc,Google,19247.038592650584
Sun Sui Wah Seafood Restaurant Êñ∞ÁëûËèØÊµ∑ÈÆÆÈÖíÂÆ∂,4.1,2218,King George,49.250525,-123.1006073,ChIJMZpqcC51hlQR_fFyw7kTx4k,Google,20048.65818759827
CHI HOUSE,3.9,136,King George,49.2492813,-123.1015426,ChIJtwlm9zJzhlQR5IafiPMQo2E,Google,20060.46963093434
The Arbor Restaurant,4.4,792,King George,49.2499392,-123.1012441,ChIJrUIDA_pzhlQR4j5nejS8o8U,Google,20067.305355305572
The Story Cafe - Eatery & Bar,4.4,1720,King George,49.19357919999999,-123.1279178,ChIJNRSLgX91hlQRhhzVsJAyhGM,Google,20610.573032866585
Corner 23,3.9,676,King George,49.2499763,-123.1151798,ChIJjQrr3vF-C0ERRkr-40XcsMk,Google,21011.65876986063
Sushi Mura,4.1,1410,King George,49.2268638,-123.1288576,ChIJGWYxCH10hlQRLARrdkVpCsY,Google,21210.893274357713
Dutch Wooden Shoe Cafe,4.5,681,King George,49.2560052,-123.1149018,ChIJJTWSKO9zhlQRsUD8Xy1B9o0,Google,21239.49207530009
"Âè´‰∫Ü‰∏™È∏° Chirpyhut Fried Chicken Vancouver (Buy $30 get $7 off, and Get 20% off for order from our website!)",3.7,111,King George,49.2581182,-123.1145784,ChIJl_iw0rdzhlQRmqjmyMhlwIA,Google,21308.669211319197
Regal Mansion Cuisine Seafood Restaurant Á¶èËá®ÈñÄÊµ∑ÈÆÆÂ§ßÈÖíÊ®ì,4.0,185,King George,49.2607629,-123.1155715,ChIJpzJ59VVzhlQRLsDEukz9OhM,Google,21491.466734360372
Edo Japan - CF Pacific Centre - Grill and Sushi,3.7,67,Gateway Station,49.2825646,-123.1179014,ChIJ7xkIFX9xhlQRFN65ftY261U,Google,21509.687394671655
Hachibei,4.4,275,King George,49.2569257,-123.1215156,ChIJJ2FL1OtzhlQRfl7QqYXcCWU,Google,21722.39938696407
Quiznos,4.1,115,Gateway Station,49.2870844,-123.1197104,ChIJ5yEvz4NxhlQRUwbJQOdYqyk,Google,21848.11253995741
Bubble Waffle Cafe,3.5,112,Gateway Station,49.2853114,-123.121595,ChIJ4VtTooFxhlQRZUwYUpixl5w,Google,21883.584492356065
Browns Socialhouse Queen Elizabeth Theatre (QE Theatre),4.3,514,King George,49.2796754,-123.1133541,ChIJlaKJf8VxhlQRYX-hK12W-6Q,Google,22278.20225808658
Royal Seoul House Restaurant,3.8,633,King George,49.26366729999999,-123.1317409,ChIJIdP7usZzhlQR_sznvH1QV7o,Google,22696.394536319523
Apollonia Greek Restaurant,4.5,444,King George,49.2694391,-123.1406446,ChIJh4OQFclzhlQRv31FeuNELts,Google,23545.59170208122
