Venue Name,Average Rating,Review Count,SkyTrain Station,Longitude,Latitude,ID,Source,Distance
Railtown Cafe,3.5,21,Waterfront,-123.114296054582,49.2852667967034,kmYutX-6Vo2EgvwAHU0c8w,Yelp,11.40444268837264
A&W,2.5,30,Commercial-Broadway Station,-123.0694771,49.2627265,hIPlc-k-0-g6oTcH1C5BZQ,Yelp,20.91104507091097
Donair Dude,3.5,3,Commercial-Broadway Station,-123.0694127,49.2627798,o-AGcEVVbNDk3_SCEhNERg,Yelp,21.62113219361686
Freshslice Pizza,0.0,0,Broadway-City Hall Station,-123.114495,49.262802,X9LrQIJDc1Cs37MCu3LJrw,Yelp,21.989032359134185
The Keg Steakhouse + Bar - Dunsmuir,4.0,178,Granville,-123.11635967248964,49.283455277246034,DuA0zfuD2wsuZbDdQj3I8w,Yelp,24.477857414447755
A&W,1.0,1,Joyce–Collingwood,-123.03143122944778,49.23826908064387,ykVWjEfmhneOO7vEZRo1qA,Yelp,26.385046281499367
Freshslice Pizza,0.0,0,King Edward Station,-123.115813,49.249431,Kx_6O7qb0BbnwGNShqXqRA,Yelp,27.289474903710552
Trees Organic Coffee,3.5,13,Joyce–Collingwood,-123.031401,49.2385014,8sRFkbECalMTHz8ZwwWv6g,Yelp,29.567279859485673
Megabite Pizza,2.5,52,Commercial-Broadway Station,-123.0696451,49.2626382,JIlC64DUU57S5PDmtPb9yA,Yelp,29.698234233144117
Milk & Sugar BBQ Bar,3.5,28,Joyce–Collingwood,-123.032146990299,49.2382463072985,bacD9cHPvP8BzxLXq3SCXQ,Yelp,31.582650358743184
Freshslice Pizza,4.0,1,Marine Drive Station,-123.116842,49.20996,NzIfqIIFPAOQgZ9S5WmUPQ,Yelp,34.742436775956975
MeeT in Yaletown,4.0,162,Yaletown-Roundhouse Station,-123.121902530398,49.2748495736666,mkqiEUO9KZbYtFPaDGxT0w,Yelp,34.873312852340774
Master Chef's Kabob House,4.0,1,Granville,-123.115946,49.283585,54B8E2SUHma46t49ccuBzA,Yelp,35.31511498582994
Cafe Nelly,4.0,1,Gateway Station,-122.85026,49.19909,mgfVl-cP7wMcfEaKX_ixLA,Yelp,35.45886291719445
St. Regis Bar and Grill,3.0,78,Granville,-123.1158289,49.2830348,Lvq8XUEtnBauCzXi0Xc8Ig,Yelp,36.13085913210582
Blenz Coffee,2.5,28,Commercial-Broadway Station,-123.069741,49.2626384,s7RG7BBV4Yp0r6OaJ6wPwQ,Yelp,36.64912092990104
Pret A Manger,0.0,0,Marine Drive Station,-123.116783,49.20937461685832,5Ajgmn6eCbaSO3tVStLNGg,Yelp,37.08381714006453
A&W,2.0,17,Marine Drive Station,-123.116791,49.209369,mOVjO58MuUWGkTZdNznwDw,Yelp,37.375859050460114
Subway,2.5,5,Columbia,-122.90597,49.2045,dG_6bFJD2X3cNgmAdUxBsg,Yelp,37.724443940469854
A&W,3.0,5,Main Street-Science World,-123.1008654899625,49.27321932473623,6caoNMwYpGocrYo9NRWabg,Yelp,37.766979896346044
Tokyo Katsu-Sand,4.0,24,Vancouver City Centre,-123.1182597,49.2827218,kljK-5qWOGerzNFpbRDP9w,Yelp,38.00724670833006
Pret a Manger,3.0,4,Marine Drive Station,-123.11678308993578,49.20936427090641,5vjwGqDvszo9Wdg7PU8Fvg,Yelp,38.10353626198764
Pisa Pizza,0.0,0,Main Street-Science World,-123.1002025,49.2735172,QfYn7xGlOSDkWX1y_mjNwA,Yelp,39.84827537945493
Super Pacific Pizza,0.0,0,Main Street-Science World,-123.1002025,49.2735172,Ny_6YTGqPaaGN39tU8WasA,Yelp,39.84827537945493
Freshslice Pizza,3.0,4,King George,-122.8442864134929,49.182941336915896,WMorr4AIQwDOrlppvPQfWQ,Yelp,40.73094009456046
Donair Dude,4.5,2,Main Street-Science World,-123.0998487,49.2729945,mctpdqAN0bHz2QgYWYu0Mw,Yelp,41.379601111539586
Tim Hortons,1.5,13,King Edward Station,-123.1155986,49.2495213,GufvKqLltzYHW7zd_dLWgw,Yelp,41.652342321275334
Donair Affair,4.0,4,Renfrew Station,-123.0450346108769,49.25860061910871,elQsZr9MdOdgAFmCbFEqkg,Yelp,41.8737922935008
Super Great Pizza,4.0,62,Joyce–Collingwood,-123.0323167,49.2382781,CV7pf--T-b02HT0HjdPOMA,Yelp,41.93190070426046
Subway,4.0,1,Marine Drive Station,-123.11652734286352,49.2098983870945,luapJ7esWUrnC2CsTTz2MQ,Yelp,43.88293911869973
Rogue Kitchen & Wetbar,3.5,394,Waterfront Station,-123.11143693120827,49.28534134027417,C58CusJWfndaAlyAoh6qhg,Yelp,44.74012799009799
Marven’s Falafel,0.0,0,Columbia,-122.90633,49.20444,vAbYNTi7Id4VdthecnbDiw,Yelp,45.426474562221614
A&W,2.0,17,Broadway-City Hall Station,-123.114416711032,49.26340176,SjoGSiEVXN6u9SHFZ7CWRw,Yelp,45.84185781909926
Donair Land,3.5,39,Joyce–Collingwood,-123.0324016,49.2383205,ogVIGuG32-tT1TY-w6veRA,Yelp,47.10630699915449
Salsa & Agave Mexican Grill,3.5,206,Yaletown-Roundhouse Station,-123.1217609,49.2741278,pzPNqJuBgkzDb9DV2fvjfQ,Yelp,47.30718501718362
Gotham Steakhouse & Bar,4.0,419,Granville,-123.115793,49.2829254,cY7rImCLGK1PPNcivk3ofw,Yelp,47.6529743402265
Jollibee,3.5,26,Broadway-City Hall Station,-123.1151665,49.2628615714721,31ag-M_QiaycGQrvAi169w,Yelp,47.867165326025955
Chronic Tacos,3.5,32,Waterfront Station,-123.11228888220894,49.28595036173507,emeaXJIk6jy4Vb8r1wnkxg,Yelp,48.16818863879736
Pho Extreme Xe Lua,2.5,101,Broadway-City Hall Station,-123.114155144333,49.2633568993769,1AA4EjIIXywxOSnbyZ9vLA,Yelp,48.77925305938197
Sunflower Bubble Tea,3.0,59,Joyce–Collingwood,-123.0322633,49.2380606,K6xImaXTGgQ_p4OwMPPuQw,Yelp,50.54803750037229
Marulilu Cafe,4.0,285,Broadway-City Hall Station,-123.11415,49.26338,NensKn1MSVU_rm-1Y6WlFA,Yelp,51.11106724943598
Mr Shawarma,4.5,177,Burrard,-123.12075,49.28526,WJJajrWufzhcnaP43jPIDA,Yelp,51.27310520679771
Mosaic Bar & Grille,3.5,102,Burrard,-123.12075,49.28526,nxTqx7zabD7cWkifv_BNmw,Yelp,51.27310520679771
Neptune Palace Seafood Restaurant,3.5,59,Marine Drive Station,-123.11660319900334,49.21005148954842,b-7dohFOCwEh8tp6r0rquQ,Yelp,52.116843261054335
The Flying Pig,4.0,1281,Yaletown-Roundhouse Station,-123.122,49.27501,NdEPf2Ls5Ql3_nkwjqKvXA,Yelp,52.78676829111689
Japadog,4.0,26,Waterfront Station,-123.1123797035985,49.28594255516197,10Nm1R0CTRNvpz3cQE4WJw,Yelp,52.99019687086498
Sushi Plus,3.5,12,Gateway Station,-122.851137,49.1985751,vmEzO4o_gYgaYvpu92xVCw,Yelp,53.45732055645156
One Under,4.0,40,Waterfront,-123.1145086,49.2846904,tTfGAYRi9SFaAuLw8HYX6w,Yelp,55.74096049103543
Devil's Elbow Ale & Smoke House,3.5,193,Stadium-Chinatown,-123.1098099,49.2801437,K7c5urKrmZ5CZeldngwzig,Yelp,55.82115621447394
Grain Tasting Bar,3.5,53,Burrard,-123.1205418,49.2850955,j0uomBri39Pf9NED_tPteA,Yelp,56.447655231052195
Chambar,4.0,1531,Stadium-Chinatown,-123.109925328073,49.2801460007961,_4R46MNkwx9MeOyt0YfNxA,Yelp,56.64399682522046
Freshslice Pizza,0.0,0,Oakridge-41st Avenue,-123.1158825,49.2332718,hyYFImgK7CClB207VRanXw,Yelp,56.85213982950238
Yummy Slice Pizza,4.0,3,Renfrew Station,-123.04477274286006,49.25857715896124,oJ6ZcbN2-WJ6xUYvAxaV4Q,Yelp,56.954819739553464
chopped leaf,3.5,3,King George,-122.84503,49.1823,jycKHL5Qy2pDDHM2Maa5TA,Yelp,57.135280409127375
A&W,1.0,1,King George,-122.84478055,49.18227195,CWUCqyq1i1lggHa5cxvLZQ,Yelp,57.706410996885985
Freshslice Pizza,3.5,6,Gateway Station,-122.85135406073591,49.19865750299314,YWiRjnyOLeVHdmsGLldwdQ,Yelp,58.06235336304794
Prince Seafood Restaurant,3.0,123,Renfrew Station,-123.04496,49.25845,ob6znlvSuno1hZ2QCggmIQ,Yelp,58.82505514431975
Pita Pit,3.5,3,King George,-122.84493,49.18332,o8sNKOMP66a3XF2PB70XbA,Yelp,59.62962305237438
Freshslice Pizza,3.5,7,Renfrew Station,-123.045015911549,49.2583980029311,Eo4VwIDW11AOnPJ9XSkZ7Q,Yelp,62.02445533649068
Deville Coffee,4.0,21,Waterfront Station,-123.11246584304324,49.2853546768392,3jyz605NGvJV6uId5tjf9Q,Yelp,62.095520972381124
Uncle Fatih's Pizza,3.5,171,Commercial-Broadway Station,-123.0700874,49.2624549,I_htQGvBNVkH2j1zaEfANQ,Yelp,64.5129885005571
Freshslice Pizza,2.5,14,Joyce–Collingwood,-123.0320466,49.2378238,ZkwdIVRaUpsxG6vNq1-0_A,Yelp,64.5885657530348
Chipotle Mexican Grill,0.0,0,King George,-122.844562,49.182228,X2T_I6wNiu4MxPxdY6N_4A,Yelp,64.87540501965533
Hot-Star Large Fried Chicken,3.0,14,Granville,-123.115791007876,49.283856364914,TvrxogiMtR5ppLVi35AodQ,Yelp,67.50319934515561
Freshslice Pizza,0.0,0,King George,-122.844703,49.182183,m2iU4BHsvK9XyAVcjXflhQ,Yelp,67.93102600800378
The Yaletown Distillery Bar + Kitchen,3.5,189,Yaletown-Roundhouse Station,-123.12145113945,49.2750638734292,BvzP3ytN5VWLAelR5i-DYA,Yelp,68.48996939646133
Jam Cafe on Beatty,4.5,1355,Stadium-Chinatown,-123.1096376,49.2802586,LjdbthVdtLYKSi7iVAFl0g,Yelp,69.79286425046703
Waves Coffee House,3.5,11,Gateway Station,-122.851331,49.19847,LaPRcjd6fOgFwFChYjvgfQ,Yelp,71.31002062660569
Panago Pizza,5.0,1,Marine Drive Station,-123.1178999,49.2099959,FRfz8lRVOvnipHKRmM6C4g,Yelp,73.4763829572349
Wendy's,2.5,50,Broadway-City Hall Station,-123.11455,49.26368,vOpLZp0G7WnrDMNZYVIilQ,Yelp,75.893707551626
Capo & The Spritz,3.5,28,Yaletown-Roundhouse Station,-123.1228907,49.2748359,NqNVJzRLCVojpC_qk9QQeQ,Yelp,76.57254758623658
Vino Volo,3.5,16,Yvr–Airport,-123.177723884583,49.1948020045441,GRPIHpmi3-ggBKkGHJ1ulQ,Yelp,77.0951548760958
Tonton Sushi,4.0,68,King Edward Station @ Platform 1,-123.115173,49.2497178,JWJpNkLAqbYzKEP1aj5weA,Yelp,77.15230987374417
Kokoro Tokyo Mazesoba,4.0,446,Granville,-123.115078,49.2833927,0oGCF9xsvKe1vS6Sm3o3VQ,Yelp,77.37642503180633
M.D. Charlton Public & Private Security Training Academy,0.0,0,Columbia,-122.9050567,49.2048765,pJqBfd-PYdGsk5pho1e3eA,Yelp,77.46239138242835
Landmark Hotpot House,4.0,121,King Edward Station,-123.11556053834,49.2498660758194,EwnizZggD7z0lX5pny_kug,Yelp,78.5073195936799
Mapo Pancake House,4.0,16,Yaletown-Roundhouse Station,-123.1211145,49.275021,AX_6GWJ8gPBrrnxeJgTN-A,Yelp,80.51889271198512
Fortune Wok,2.5,6,Yvr–Airport,-123.1775258,49.194759,Y9JlwCMgXVmZ3LeHy_EwXw,Yelp,81.79548181985149
Ki Cafe,4.0,87,Royal Oak Station,-122.9884543,49.2208272,3Womhy8g-3J-VREWO31d9Q,Yelp,83.75262410677945
Victoria Chinese Restaurant,3.0,96,Burrard,-123.1212749504013,49.285882466535504,e-R4nkWuAY4A293yi2QxQQ,Yelp,85.89901626904474
Grab N Go,5.0,5,Yaletown-Roundhouse Station,-123.12301054900009,49.2748939789729,XQrDcM6Slk65d1sjxky-lQ,Yelp,87.23286677388556
MamaLee,3.5,6,Stadium-Chinatown,-123.108583,49.27961961550342,eoiBAJUfsFl43aufDKYWyg,Yelp,89.40313509252418
Hapa Izakaya,3.5,211,Yaletown-Roundhouse Station,-123.12245045952,49.2752858645102,tdcbwxEP8JZfgx1NaRS9-g,Yelp,91.14649604443285
Wakwak Burger,4.0,37,Waterfront,-123.1151894,49.2845981,0xVb0Rus70qKqngJ3oLJUw,Yelp,92.04851583932029
Pampanga’s Cuisine,4.0,19,Joyce–Collingwood,-123.0325852,49.237734,4IxcnklYbD0UuHz5YFkxUw,Yelp,93.06029916239054
Plato Filipino,4.0,23,Joyce–Collingwood,-123.0325852,49.237734,iFFDXKu0MOSgKg0P-l8Ssg,Yelp,93.06029916239054
Pokerrito,5.0,4,Gilmore Station,-123.0128551,49.26429198131586,tT827vFmwzZRrVKNsOAGXg,Yelp,93.86757597541121
JOY Cafe,3.0,31,Marine Drive Station,-123.1182943,49.2098293,n7kcV6jBKz7G7PnXG1zKSA,Yelp,94.24828484129192
Pokérrito,4.0,191,Granville,-123.1152546,49.282665,szPJyzsly0a5ZkehLAV1fA,Yelp,94.46398087970736
Rodney's Oyster House,4.0,817,Yaletown-Roundhouse Station,-123.1232482,49.2744326,xYDUAD4JGLVnQUB2i8njBA,Yelp,95.62005312426808
Subway,3.0,1,Gateway Station,-122.8493945,49.199102,srHiFFu6xsCNp3axpgo2XQ,Yelp,96.76086113571107
Kita No Donburi,3.5,142,Waterfront,-123.1132762,49.2845695,02cGvRTfVXeHWYkoiyj6wA,Yelp,97.76050602496446
Curve Lounge,2.5,41,Bridgeport Station,-123.1267608,49.1962827,i8lJzKLD_pcDFWwl4cD0Aw,Yelp,97.83352102872436
Cactus Club Cafe,3.5,211,Yaletown-Roundhouse Station,-123.12280441720084,49.27522297469047,f7Sr6NKUtQYCZZSvYiNvtA,Yelp,98.75956674053732
Paradise Shops,0.0,0,Yvr–Airport,-123.17750940183568,49.19495037245527,5sLiLHw8uu3ELWr3FBVcOw,Yelp,99.39198313547266
Pizzamia Gourmet Pizza Bar,4.5,7,Broadway-City Hall Station,-123.1132569,49.2633224,5nGTOnj9Fwb2hZUP3JQPVg,Yelp,99.91124075186399
Chicko Chicken,4.5,3,Joyce–Collingwood,-123.03274,49.23774,nMusKZ5cIxHYMKJWqbrtNw,Yelp,100.21153568469369
Cactus Club Cafe,4.0,475,Burrard,-123.11881637137162,49.28554081466174,aB_wfxQvgso67lzgrrfTuA,Yelp,100.64821412250666
Sea Harbour Seafood Restaurant,3.0,135,Bridgeport Station,-123.126171,49.196435,SQo3j_PrRgQlbR9c4ctjUA,Yelp,100.6640105346245
Curry Bistro,3.5,9,Gateway Station,-122.84936,49.1987499,g6-sLFygLqFx0pF7jQtNeg,Yelp,101.00569977440895
Hellcrust Pizza,4.0,9,Waterfront,-123.11314,49.28463,shP13YfLqM45sMC3_htU-w,Yelp,101.12440154245442
Kumare Express,3.5,6,Joyce–Collingwood,-123.0326475,49.2376696,BJersrRGYUZQoNLiSXqPPg,Yelp,101.45594279854048
Sushi Royal House,2.5,49,Renfrew Station,-123.0444244,49.2582338,cCQOBcN-Z-EBoK7B3LbuPQ,Yelp,101.63774969983994
Zab Zaab Thai Cuisine,4.5,20,Yaletown-Roundhouse Station,-123.12321,49.27493,zSVlSPVRWk2I9u28cE8brw,Yelp,101.98451658140553
Charisma Cafe & Dessert House,4.0,44,Stadium-Chinatown,-123.10866,49.28018,Ebu8VPDeehcRbxzaDN5fDg,Yelp,102.9680822806192
Steamworks Brewing Company,3.5,789,Waterfront Station,-123.11084,49.28498,WdywxkSYEc_nw0kqNfRZsg,Yelp,102.99824527473751
McDonald's,1.5,18,Commercial-Broadway Station,-123.069733,49.2617456,FEqXdPjcbE5tTTPWHnwtkw,Yelp,104.00257362581947
Donair Spot,4.0,44,Broadway-City Hall Station,-123.113161446431,49.2632805429015,3sTVFA9wQQT_7RTUj_g1rw,Yelp,104.90963666231941
Curry Hut Indian Bistro,5.0,11,Waterfront,-123.1153158,49.2858301,gvP4ILEOHSJ7lja8H0mqig,Yelp,106.05196759282366
Pizzeria Ludica,4.0,184,Stadium-Chinatown,-123.108486811639,49.2800427277576,sUxHZhLvTrLE4eoewdv-ug,Yelp,106.16554548842201
Pink Elephant Thai,2.5,99,Marine Drive Station,-123.116187,49.210456,5wnMLZx1tYIMs6bUmxB5-g,Yelp,106.30256868522554
Subway,3.0,4,Renfrew Station,-123.0447625,49.2580351,34cdxwUAOkK-aRp35bb1iw,Yelp,106.36932508959858
Uma Sushi,4.5,111,Broadway-City Hall Station,-123.1137294,49.2638048,4118Aq9LbkvUr4s719uUkA,Yelp,107.34623185938105
Corner 23,3.0,129,King Edward Station @ Platform 1,-123.11495,49.24995,12fHonfwOK7tecqgPYXHhg,Yelp,107.41467124094541
Grand Chinese Yaletown Restaurant,3.5,32,Yaletown-Roundhouse Station,-123.123414612796,49.2746237358146,2M_-l_b0_SaoVsIKx1ZEOw,Yelp,107.42160531992405
Hon’s Wonton House,2.5,5,Commercial-Broadway Station,-123.070719278168,49.26257739188594,n756OL-fbe0sOKAMEfsphg,Yelp,107.71746290017022
Mr Japanese Curry,4.0,37,Broadway-City Hall Station,-123.1137004,49.2638021,uZOaRCd8SO5FudDmqcqq1A,Yelp,108.26620813935278
Chipotle Mexican Grill,3.0,38,Broadway-City Hall Station,-123.11603,49.26292,ducP3kcdUYG3anaB8QGByQ,Yelp,108.42076363102828
Menya Raizo,4.0,74,Broadway-City Hall Station,-123.11314,49.26336,oHYOa9l5aLOQpJ8dF6sDmA,Yelp,109.33494983931702
Lumiere Cafe,4.5,3,Broadway-City Hall Station,-123.115865,49.263468,sKqS0SUZRtLwAr2LA3W3eg,Yelp,109.42159898091327
Baghdad Cafe,4.0,89,Granville,-123.1146198,49.2833412,brHv9OCbXmhrzpeDzeyGrw,Yelp,109.93250848170065
Cioppino's Mediterranean Grill,4.5,196,Yaletown-Roundhouse Station,-123.121794,49.275522,RIb01mB9pEJ3yeebyHb4XA,Yelp,110.04847509842843
Commercial Sushi,3.0,64,Commercial-Broadway Station,-123.0699298,49.2617421,viIkP8GvprnuDSMWVc-8fw,Yelp,110.11641451915017
Hawksworth Restaurant,4.0,638,Vancouver City Centre,-123.1191704,49.2833971,70D_rxm388HaD2qMTB59xw,Yelp,110.82472474045981
Picado,3.5,5,Waterfront,-123.1139063841478,49.2841935,512y4DoUr8ETnBb6L_KeQQ,Yelp,111.25281631682937
Top of Vancouver Revolving Restaurant,3.0,365,Waterfront Station,-123.11189,49.28468,HmslQtrdkudv1V01AenkLg,Yelp,111.5352077468639
Seaport City Seafood Restaurant,4.5,19,Broadway-City Hall Station,-123.115152,49.263921119674905,F5wxgIiZE7LYQxgqhI483A,Yelp,111.87491280697385
The Dirty Apron Delicatessen,4.5,68,Stadium-Chinatown,-123.1091772,49.2805632,cLGh_q9jWTpp53tsj29S-w,Yelp,112.4270632598118
Gyoza Bar,3.5,325,Waterfront,-123.1143602,49.2841553,2UAmjQgLdVFqmPRvrDA2PA,Yelp,112.60259343140002
Ignite Pizzeria Express,4.5,46,Waterfront Station,-123.1111708,49.2847295,wvaELBqIJercwOK2lgkfDA,Yelp,114.2779062921423
The Royal City Youth Ballet Company,0.0,0,Columbia,-122.906899,49.203931,2LeHB_AvU-OsmPWLT3CWGw,Yelp,114.37042311861869
Subway,1.5,12,Commercial-Broadway Station,-123.0699936,49.2617144,fExtjpt8trKzZC-_tFDH-w,Yelp,115.00343095897404
Reflections Terrace,3.5,145,Vancouver City Centre,-123.1192058,49.2834361,T8qDErTkkQuneJIwKKmyKg,Yelp,115.8021921696277
Robba da Matti,4.0,489,Yaletown-Roundhouse Station,-123.1208967,49.2753397,htvl5L_V-zKN0UvUgP60PQ,Yelp,117.03114600637495
Brioche Doreé,3.0,14,Yvr–Airport,-123.1788712,49.1951863,lW0jGyS8z11WSeJcxuUeiw,Yelp,117.09421129347871
Joe & The Juice,3.5,24,Yvr–Airport,-123.178866,49.195189,5gODb4Ulgn9dwnN_zwhE7Q,Yelp,117.23350267326985
Zaatar W Zeit,4.0,58,Waterfront,-123.1154382,49.2844377,dGw1mRuzQZHjQr3uZt_oxQ,Yelp,117.41585265369213
Peaceful Restaurant,3.5,621,Broadway-City Hall Station,-123.116143,49.263147,AEOyRbQtYD3bmX1qJWvt4g,Yelp,117.45957429162583
Hy's Steakhouse & Cocktail Bar,4.0,341,Burrard,-123.11927,49.28468,LCQNNtLbY7Sa5zQI4nZPfg,Yelp,118.3524416601623
Brix & Mortar,4.0,317,Yaletown-Roundhouse Station,-123.1219105,49.27561628359493,kZN_-zju67rEQVUSaewRhA,Yelp,120.04109527794283
Pizza Hut,3.0,26,Renfrew Station,-123.0459972,49.2578961,pxnwdIXRfkdIbf_IEO_xzA,Yelp,120.67702531437573
Little Saigon Yaletown,3.5,98,Yaletown-Roundhouse Station,-123.123083556537,49.2737438258852,nnffEZLV13xqsjTIxXeqIA,Yelp,121.08184486930502
Tiny Kitchen,3.5,17,Royal Oak Station,-122.988488,49.2211659,qz-BdxOXAka6uPF6W7ZeRA,Yelp,121.40735594373301
Minami,4.0,751,Yaletown-Roundhouse Station,-123.1207029,49.2752733,gV9lrbWr1CE1Jl0E58UO2g,Yelp,121.48412337198856
Hundy,3.5,71,Yaletown-Roundhouse Station,-123.1221336,49.27562509135987,btfq1h29spNPLu88d0W73g,Yelp,121.81476390455487
Quiznos,2.0,9,Commercial-Broadway Station,-123.0696551,49.2615598,CseWcX_WffrIF95u25qGXw,Yelp,122.06265519304499
Anita's Kitchen,4.5,12,Burrard,-123.12092,49.28655,CyKHHrBeimn5d94FIhAfcQ,Yelp,122.44542942144561
Russian Spoon,4.5,23,Waterfront Station,-123.112365626597,49.2846468961917,e-SyplM3q-q_4UAxNHLSQA,Yelp,122.73108474186198
The Little Red Cart,0.0,0,Olympic Village Station,-123.114466667175,49.2657322625235,lOWTK-wx98OsKH3lVSRjuw,Yelp,122.7611481786219
Papparoti,4.5,39,Stadium-Chinatown,-123.1081741,49.2799385,7Y9dgVNnW6gxeEkdK-gzgg,Yelp,123.52116156247541
Saigon Xua,3.0,16,Yaletown-Roundhouse Station,-123.12363240352406,49.2743960598955,YHaZG7cn8_YmmgDq1Ynidg,Yelp,123.78191383819457
Aburi To Go,4.5,5,Yaletown-Roundhouse Station,-123.1206729,49.2752918,Shhhpxpg51ZXz9-CovBI_g,Yelp,124.47839882745244
Red Chillies Kitchen,0.0,0,Gateway Station,-122.8523,49.1994,XYH0vurXDNjUp1BbOLw8_Q,Yelp,125.17548575755983
Daddy's Kitchen,4.0,65,Commercial-Broadway Station,-123.069602362812,49.261521127712,j-teQtiryfYDm_OJiSvGVw,Yelp,125.36622178157683
Brandt European Sausage,0.0,0,Royal Oak Station,-122.9869849,49.220657,tzKNbihTEeOHABhYNSYqPQ,Yelp,126.05341085216779
Westcoast Poke,4.0,171,Broadway-City Hall Station,-123.1140415,49.26409,qebPYEXBp8Zo_d7GY50i2w,Yelp,126.76427877509119
Tasty Indian Bistro,4.0,204,Yaletown-Roundhouse Station,-123.1236818,49.2744011,UwQyc3prSQp3pnvdSSmlaQ,Yelp,127.26980773752085
Broadway Station Sushi,3.0,92,Commercial-Broadway Station,-123.07085772678,49.2621642815068,qojkMf7X9QjjTBMpsFIkiw,Yelp,128.22673849666987
Browns Crafthouse Seymour,4.0,44,Waterfront,-123.113347974687,49.2841724124811,EjwUcXo7cw3sogfrGeeoCA,Yelp,129.013483904
Jollibee,3.5,8,King George,-122.84503,49.18162299199149,zE_geORmJ27XCXg8m5mfuQ,Yelp,130.95134859625682
Boba Time Cafe,4.0,10,Royal Oak Station,-122.988502,49.221257,ZtEb_YGo2X7Ze5x5JEHFmg,Yelp,131.54894560339443
Taverna Greka Restaurant,4.0,142,Columbia,-122.9043168,49.2049414,QzMgMLNP7tSFC5IwypS24w,Yelp,131.64247661387122
Something Sweet,4.5,6,Royal Oak Station,-122.9885044,49.22126169047093,hdEufNJZzljQsH54jnQtjQ,Yelp,132.07328534324643
Yolks,3.5,346,Broadway-City Hall Station,-123.1163529,49.2631139,bJKqZi70hu8g_ctZAAxtJw,Yelp,132.14399739982107
Thai Box on Truck,3.5,9,Broadway-City Hall Station,-123.115005434393,49.2641677270461,Xi0O7jV-4Jyt1bEGnJ5IQQ,Yelp,134.42411483934103
McDonald's,2.5,41,Renfrew Station,-123.043561399797,49.2586504172626,VLIdR_Es7QSELz1n6yToVg,Yelp,134.79049622778433
McDonald's,3.5,22,Broadway-City Hall Station,-123.1162947,49.263406,sQ-HCGCZXBLxaVyvzQu8UQ,Yelp,135.14706854130873
Ash Street Bistro,4.5,11,Oakridge-41st Avenue,-123.1182868,49.2337381,ancWqJc7BtHTixOZ4qKxdA,Yelp,135.69030618186358
Caffè Artigiano,4.0,1,Broadway-City Hall Station,-123.11449449509382,49.26423028055726,3AQ35gmzHju5isqUwOmUGw,Yelp,137.11995237269818
The 515 bar,4.5,2,Granville,-123.1144244,49.283842,CTn2Sg_6r91Y_MkZHp93fg,Yelp,138.23796960296747
Yaletown Brewing Company,3.5,461,Yaletown-Roundhouse Station,-123.120817,49.2755483,yg2s2EA9Lnepuz36N7n_0g,Yelp,138.86704669724475
DK Chicken,4.0,8,Commercial-Broadway Station,-123.07091,49.26201,4dx9reXFn8EINhbHrBiYgw,Yelp,139.26033159562056
Sushi California,3.5,317,Broadway-City Hall Station,-123.112614326016,49.2630454633729,mvCO6pRpfMB0_1GLlwgZRw,Yelp,139.88086914317833
Mount Everest Kitchen & Grill,4.5,42,Granville,-123.1142148824853,49.28343057225757,pHLp3uNBUvNbADbh7B3gBw,Yelp,140.0178249685614
Hydra Estiatorio,3.5,113,Waterfront,-123.1160679,49.2856276,18J36O-RtwKjemcr8AKadA,Yelp,140.39481858908664
Dingding Restaurant,4.0,3,Granville,-123.1165684,49.28205874884996,UYdZNpw-RyGiTe2bZN69Zg,Yelp,140.7022450199323
Globe@YVR,3.5,64,Yvr–Airport,-123.176525,49.1947701,oc7RhqznVWFDwa4RRp-94w,Yelp,141.50853908654204
Alouette Bistro,4.5,34,Burrard,-123.11829,49.2853,sDmD24fm6R7GVSf4Jn5vdg,Yelp,141.6356800515006
McDonald's,2.5,44,Main Street-Science World,-123.100716411045,49.271917,d6uZPjjuWz4_k96JeHTZhw,Yelp,142.0592353876227
La Taqueria Pinche Taco Shop,4.0,681,Broadway-City Hall Station,-123.112736,49.263559,6iOAgzJ0DRZNSKA3FSrrOg,Yelp,145.07228680558487
Golden Fortune Restaurant,4.0,1,Joyce–Collingwood,-123.03102,49.2396,AP7mnZT3b3LOwI2boArjSA,Yelp,146.55352153489355
852 Kitchen,4.5,3,Joyce–Collingwood,-123.03102,49.2396,v4GHQQUmHKnLEL-uOfjcNA,Yelp,146.55352153489355
Guu with Otokomae,4.0,377,Waterfront Station,-123.11038556296398,49.2847191,oiuMkUcxnTdzeUpCNmVzWA,Yelp,146.62776578531512
Meishan Restaurant,3.5,7,Joyce–Collingwood,-123.0310206,49.2396035,phoBWXZZrPdJb7j0MCwheQ,Yelp,146.89997067983043
Pho Herbs,3.5,11,Rupert Station,-123.0332975,49.2620349,178swO-cHgdcgdEdalvr5Q,Yelp,147.20906748107703
Sushi High,3.5,222,Rupert Station,-123.03320646286,49.2620355324915,tFDCwxAYAqc1ScraxJHmLQ,Yelp,147.6678742431108
Bánh Shop,2.0,60,Yvr–Airport,-123.1764086,49.1947575,t2aeMArQJ3NchW_FRAj57Q,Yelp,148.56460588622434
Say Y Limon at YVR,0.0,0,Yvr–Airport,-123.1764082,49.1947575,WI-WKfOvI3No5p5JZtI7GA,Yelp,148.59110626635692
Bahn Shop,2.5,15,Yvr–Airport,-123.1764082,49.1947575,VU2vl5gDj02jLCdI3RZBDg,Yelp,148.59110626635692
Pajo's Fish & Chips,3.0,23,Yvr–Airport,-123.1764082,49.1947575,8hIZQ9K-Mwt35PV6d3RpUA,Yelp,148.59110626635692
Japadog,4.5,17,Yvr–Airport,-123.1764082,49.1947575,D-Ntb2rfy6B8pgUt9Fs52w,Yelp,148.59110626635692
Say Y Limon at YVR,0.0,0,Yvr–Airport,-123.1764082,49.1947575,BY_jks-EKZpxow7DonX1HA,Yelp,148.59110626635692
Glowbal,3.0,499,Vancouver City Centre,-123.117092920094,49.2815627886161,hf4T7aZ67pk6e8r4juQbEA,Yelp,149.36900699420997
Teriyaki boys,4.5,3,Bridgeport Station,-123.126660995185,49.1942459272583,yJT-DuQNzc9WsbPldCB-VQ,Yelp,149.68191353921253
Buddha Chay Restaurant,4.5,8,Yaletown-Roundhouse Station,-123.1239674,49.27425875418606,_F94SBenBRQjumDQ0snVEA,Yelp,150.30711934175847
Chopsticks,3.5,2,Bridgeport Station,-123.127707850421,49.1963530925291,4PdphMBh7sSdvVddDfDOAg,Yelp,150.718677192842
Heritage Asian Eatery,4.0,87,Broadway-City Hall Station,-123.11247,49.26287,gdSAYWUI2MTgrk08r_OZSg,Yelp,150.91976156026521
Tacofino Oasis,4.0,34,Burrard,-123.11964959325348,49.2868613,bWmgiuAxZC60YoE1IgMiHg,Yelp,150.9511838560614
Subway,2.0,14,Joyce–Collingwood,-123.0327201,49.2371631,GWJl9wO1s9LxA1IMB4pOuQ,Yelp,151.61361935993156
Stefanos Restaurant,3.5,85,Columbia,-122.90424,49.2054199,inoemvvt0Pw1iJWypxGWzg,Yelp,151.76696671060188
Patsara Thai Restaurant,4.0,117,Columbia,-122.908055,49.204305,15ooDuvh1fQYmq7LE_pvhw,Yelp,151.99702754909728
Cafe Club,5.0,2,Burrard,-123.1218406,49.28469416399001,zWthqmG0QIoa8T8h8aXwFw,Yelp,152.34336018285663
Guu Toramasa,4.0,4,Vancouver City Centre,-123.118641,49.281099,GGHgH3FXwEFDfTr37dqtkQ,Yelp,152.37332733802512
Cafe & Life Co.,4.5,12,Olympic Village Station,-123.116184,49.265218,sJ-mEiS2A5aFje7v3dhI4w,Yelp,152.59012126873654
Japanese Bistro Kamome,4.0,44,Joyce–Collingwood,-123.0327306,49.2371553,VECCQMciCK3mK1EFcC4P4g,Yelp,152.7349022784199
Totoan Donburi,4.0,3,Granville,-123.1164358706352,49.281931,8Y23AZPLiFGopyjtY0wH0w,Yelp,152.90655341552494
Big Fish Sushie,0.0,0,Rupert Station,-123.032786,49.2620349,_vzhWNxbo41atUWVoRqfWQ,Yelp,153.12380278083015
350F Chicken,4.5,8,Rupert Station,-123.033357,49.262091,_urPMCzkwTxoUg1NgTijHA,Yelp,153.3527450643114
Bovine,4.5,38,Burrard,-123.11962,49.2868799,ME4x6MC86Z-Ewc1pT0JWKg,Yelp,153.5238819909966
La Forêt - Royal Oak,4.5,7,Royal Oak Station,-122.98637,49.2203,-_KJ2CQCbaRen3KVOvPyFw,Yelp,154.82321158242542
Papa Johns Pizza,3.0,7,Gilmore Station,-123.011767,49.264298,PkT-STIptzF-_YQ7CN-X1w,Yelp,154.94634425984987
Miku,4.5,2185,Waterfront Station,-123.11276314110472,49.28691753455261,4EV_ZcQmjAmP3pmO-_nb2A,Yelp,155.32102290390736
Saku,4.5,213,Broadway-City Hall Station,-123.11667523250104,49.2631006,XAH2HpuUUtu7CUO26pbs4w,Yelp,155.32217085351525
Bread x Butter Cafe,4.0,43,Burrard,-123.1199654,49.2841611,HfNW-ry8xbddfmsKZolL7Q,Yelp,155.71408736115046
Quiznos,1.5,8,Gilmore Station,-123.0117149230339,49.26433951194406,dWrwlePNznkkgu8Z8zK2Qg,Yelp,156.18838895697948
Eats At The Pier,4.0,2,Columbia,-122.904587,49.203834,3N10LLLbg39Z33o84_9v8w,Yelp,156.65881019575994
Moose's Down Under,4.0,145,Waterfront,-123.11634,49.285638,fypxzyH9vQ3yO8mBTmiMqA,Yelp,159.3059964686461
Stock and Supply,4.0,21,Waterfront,-123.1127,49.28416,sTBkQcgxwzJCxYLErBct2A,Yelp,159.43893008501996
Green Bean Café,1.5,31,Yvr–Airport,-123.1762466,49.1947594,lG3sx3tP_qpadkJCR36v8A,Yelp,159.45148943573182
Hudson News and Euro Café,2.0,9,Yvr–Airport,-123.1762466,49.1947594,iNcmjuxz6X1Ikg48_-zvow,Yelp,159.45148943573182
Urban Crave,3.5,5,Yvr–Airport,-123.176913738667,49.1953406823519,LgREkZUmUgMo96AFUWlgPQ,Yelp,159.98795331470296
Pho Kitchen,2.5,43,Renfrew Station,-123.0434793,49.2596365,slBGJOdBV1KHzNoWf2e2FQ,Yelp,160.09556561973997
LIFT Bar & Grill,2.0,52,Yvr–Airport,-123.1762176,49.1947359,85Y5NBxu29KJtXE7SCrwqg,Yelp,160.42582138724
Hanami,2.0,92,Yvr–Airport,-123.1762176,49.1947359,mb8yh5_vE1cfysDG-3UWNA,Yelp,160.42582138724
White Spot,3.0,106,Gilmore Station,-123.0139369,49.2663969,_jSauhLdsK1qdFt-uPyuKg,Yelp,161.16445113681803
Elisa,4.0,193,Yaletown-Roundhouse Station,-123.1213608,49.2759562,rVuC98hyTNLaxtr5Y8rH9A,Yelp,163.31526622588984
Tim Hortons,3.0,15,Yvr–Airport,-123.178164186496,49.1956782769222,KWelR9jkWL7kvw7qYbuZHA,Yelp,163.6106112156077
Samurai Sushi House,3.0,185,Oakridge-41st Avenue,-123.1159442,49.2317543,Kxx3sqXvcPLrcPJRCdQQmw,Yelp,163.88186466705642
Curry Express,2.5,5,Oakridge-41st Avenue,-123.1159439,49.2317505,qJrhk7etGKWcwZbk09sX1A,Yelp,164.29032808315196
Zio's,3.5,3,Bridgeport Station,-123.127803410912,49.1964726035251,FqX6PFlEk3rOIWPaQu91TQ,Yelp,164.41238311811074
Freshii,3.5,17,Renfrew Station,-123.043309903618,49.2595264758114,9M0fMCFxHpROv_VaUNvMmw,Yelp,165.300036255441
Mama's Rice Bowl,4.5,8,Gilmore Station,-123.0159267,49.2650908,gFXFePsF-qLOpkRwOQSYyg,Yelp,166.12908487677498
The Loft at Earls Yaletown,3.5,16,Yaletown-Roundhouse Station,-123.1205521,49.2757263,qypochrDOaMZCqAO8KPLVw,Yelp,166.21681017270456
TAKO,4.0,217,Stadium-Chinatown,-123.1078822,49.278816,z2tHNBxoQ-_CoczbhzLNrQ,Yelp,167.59377568572816
Palate Kitchen,4.0,100,Waterfront,-123.1157402,49.286331,9QJ5_oSo5dl5Xi8fZ_vddg,Yelp,167.95310880331297
Lemon Fusion Kitchen and Bar,4.0,6,Vancouver City Centre,-123.116595,49.281725,5UfvdzxoEB4FH__hgrs9yw,Yelp,168.1312435167736
Panago Pizza,1.5,3,King George,-122.84375,49.18143,nL31wEb0GwerTqDOCpUpBw,Yelp,169.38260977019365
Hokkaido Ramen Santouka,4.0,222,Broadway-City Hall Station,-123.1168917,49.263127,nkDZY5xqihF3XtZMzzfqqg,Yelp,171.21293421071434
Monaco Cafe,4.0,1,Waterfront Station,-123.1102826727737,49.28448390649068,PtieNw8PLNj8veTh_8qbQQ,Yelp,171.25066236850353
BahirSay Restaurant,0.0,0,Joyce–Collingwood,-123.0303294,49.2396147,CYH1pYvFisL6CKvBIOKa3Q,Yelp,172.65998225749286
1931 Gallery Bistro,3.5,50,Vancouver City Centre,-123.1208098,49.2830721,n7cBSlfu_utOVK3QZCCWrQ,Yelp,172.89407726108405
The Second Floor Bistro,5.0,3,Renfrew Station,-123.044426,49.2603455,0xD7_zj2b5UslZQIzrs4xw,Yelp,174.61101404287334
Columbia Street Sandwich,4.5,25,Columbia,-122.9071758,49.2034109,CwPOk30ExOXmLsqxCR39ug,Yelp,174.93253008084008
The Buffet,2.5,137,Bridgeport Station,-123.128362202496,49.1959936891153,m_Tu4PBV7adWCsuwOrCT8g,Yelp,175.19612521852602
Wendy's,4.0,8,Yvr–Airport,-123.1806823,49.19456030000001,vkRP1vfTfksbkliXc5Mv0A,Yelp,179.4158079962646
La Ruota,4.0,14,Broadway-City Hall Station,-123.1152291,49.26457006285351,cK5zMngEMDKVpMDMwrmbdg,Yelp,181.85832336283752
Ekki Sushi,4.5,4,Main Street-Science World,-123.09797,49.27377,Z3Kyy6z55tOup6VpIVR8fw,Yelp,185.0281929755782
A&W,2.5,7,Main Street-Science World,-123.098073,49.273979,kMyChmXf4ecKjj-JA2pcRA,Yelp,187.99296240880798
Taishoken Ramen,3.5,255,Stadium-Chinatown,-123.1078017,49.2807168,rOHGRHbyDcwLEbDn0lIejg,Yelp,188.73226570018875
Izumo Sushi Japenese Restaurant,3.5,24,King George,-122.84419,49.18446,VR_gPbMRvHokSExk3Qj32w,Yelp,190.78305023664635
Suzette's Deli,4.0,21,Gilmore Station,-123.016274457504,49.2650527524569,m62WMGVJ8FlmCCvlLkHm9Q,Yelp,191.00375776779498
Panaderia Latina Bakery,4.0,41,Joyce–Collingwood,-123.0301858,49.2397551,_p-tArwFIttOGQ8g7wLr5g,Yelp,191.40656089836455
Cactus Club Cafe,3.5,143,Broadway-City Hall Station,-123.117130327243,49.2633734327403,u-tcnG8zdDG8QWYTctxyfg,Yelp,192.5148422107801
Pizza Rubato Napoletana,4.5,8,Broadway-City Hall Station,-123.1170685,49.2635503,gcJAIjEHewjOi87obm6gXg,Yelp,193.45998766706006
Kyle's Café,3.5,30,Commercial-Broadway Station,-123.070094,49.260969,2KcGg4og_5ViWNs2WyKIdQ,Yelp,194.15809914978664
Sushi Taku,4.5,80,Joyce–Collingwood,-123.0301601,49.2397816,KfSeskh1ZH685ordhPUNFA,Yelp,194.8847877438594
Blue Water Cafe,4.5,1054,Yaletown-Roundhouse Station,-123.1209935,49.2761945,gt1BSfVFvzI-qHdJ3LUZug,Yelp,196.68921946061894
Sushi Bang,2.5,26,Broadway-City Hall Station,-123.115054406226,49.2647407188872,NVofN3fRewOZ1SY04F2DpQ,Yelp,197.39042648462117
Subway,2.5,6,Marine Drive Station,-123.1195441,49.2089702,TfVX4WQAfNyGffz0t7ZIkA,Yelp,199.18766244539705
Bonjour Banh Mi,4.5,28,Oakridge-41st Avenue,-123.1158155,49.2348674,6WoGCiP2UWXo18xaxjKFMg,Yelp,199.6745720011627
A1 Italian Pizza,1.0,1,King George,-122.84377,49.18446,3pB5GeNB3At9qWbkRa44Rw,Yelp,200.06203420958897
Sky Pizza,0.0,0,King George,-122.84377,49.18446,8FIzy3HmINd0ALO6UM4t2g,Yelp,200.06203420958897
Nightshade,4.5,22,Yaletown-Roundhouse Station,-123.12042,49.27604,tHc6x1Kuj9qkbZYUTTzkQg,Yelp,200.23212487662988
Loku Japanese Cuisine,3.5,27,Commercial-Broadway Station,-123.0695951,49.264412,vLnt37_PWcAiTvw-SJIJMQ,Yelp,200.6226824168463
Jamjar - Folk Lebanese Food,4.0,256,Commercial-Broadway Station,-123.0695951,49.264412,OHdcby7tM50qyOOcV9nrvA,Yelp,200.6226824168463
The Roof,4.0,80,Burrard,-123.1222877,49.2843582,NRItgoGiQEH1PyAgBmG6dQ,Yelp,201.2185479504474
Carls Jr,2.0,20,Yvr–Airport,-123.177575803121,49.19597911547,E2oqDVVEiPOZVmNWTG_FzA,Yelp,203.2792524332515
Einstein Wrap House,4.5,64,Stadium-Chinatown,-123.10739481519,49.2805722985681,7QxNOgk7pezCzruH8jL45w,Yelp,203.78559360081897
Bubble House,0.0,0,Oakridge-41st Avenue,-123.1158114,49.2349076,hWI4SoyGfzJz3vrJykzATA,Yelp,204.0290246304202
Deer Alley Restaurant,4.5,5,Waterfront,-123.11709,49.28537,tgAwAFsRuVWNhfYnqxkLeQ,Yelp,206.0664084842979
Johnnie Fox's Irish Pub,4.0,117,Main Street-Science World,-123.10129,49.27142,O9KCg8IfPtbNSlk7M0OdSQ,Yelp,206.40579859389823
Juno Provisions,4.0,13,Commercial-Broadway Station,-123.07001609355213,49.26440881423837,9ltXAbwXKZa7FECq9tdGgg,Yelp,206.4745327110579
B House,4.5,20,Commercial-Broadway Station,-123.069533295929,49.264473795087,t9g6KKmAl0dgsftMxGpXPA,Yelp,206.92312949337864
Sushi Yen,3.5,25,Columbia,-122.908591367304,49.2038975160565,XGQjmcePWSe6ecC3P-kt0w,Yelp,207.0472494043141
Wally's Burgers,0.0,0,Columbia,-122.9083619,49.2036642,nGlkqIERxAnF2sAPDmt8Dw,Yelp,207.80592634419847
Wabukuro,4.5,7,Stadium-Chinatown,-123.10704,49.27916,LRGDX7adkuh9JMM2vufYvw,Yelp,208.30394802280696
Meat & Bread,4.0,213,Burrard,-123.1188744,49.2872146,BdHvzCsxbLCErx36UcnMZQ,Yelp,208.43139195819236
Thierry,4.0,940,Burrard,-123.1228949,49.2848818,KXCXaF5qimmtKKqnPc_LQA,Yelp,208.95801967000244
Tokyo In April,4.5,47,Stadium-Chinatown,-123.1073936,49.2806813,ecN9xzc80xkm9XOFNCUDmw,Yelp,210.27305327189492
Kim Son Trading,0.0,0,29th Avenue Station,-123.04733,49.24601,D6QbIyqQyCdc9cLqxqwVYw,Yelp,211.7740874293373
De Dutch,2.5,40,Olympic Village Station,-123.112985,49.2673825,n_jcZ9i-HIqFXHGd5he9jw,Yelp,212.91024136635338
Okeya Kyujiro,5.0,7,Yaletown-Roundhouse Station,-123.1197521,49.27581579131156,9DIct6R794tApbOtdHafXA,Yelp,213.10544675071378
Coasters Coffee,0.0,0,Columbia,-122.9090041723834,49.20435909515937,clXgsYaHWVSTmtynYUUtGQ,Yelp,215.84034714679134
Tsuki Sushi Bar,4.0,196,Stadium-Chinatown,-123.10765838623,49.2809829711914,CjQMcgDgX_RdpSNby266oA,Yelp,216.14038305372418
The Poke Guy,4.5,206,Waterfront Station,-123.1120629,49.2837389,Oy9MJpvvmvueeCF9XQRKXw,Yelp,216.8837935982984
Ruex Cafe & Bar,4.5,28,King George,-122.8448423,49.1808237,mmkBstStyZbHwG_yM2ozqw,Yelp,218.75629548548892
Ustaad G76,0.0,0,King George,-122.8435927,49.18460034413741,ylFvqeE_ocbtWTDbB4A0Nw,Yelp,219.4350142863269
Heritage Asian Eatery,3.5,187,Burrard,-123.1208077,49.2874921,GCX0cJOKflUQLp2Q3P4Dag,Yelp,220.04262139923821
ZAC.ZAC Japanese Curry House,4.0,96,Vancouver City Centre,-123.1186985,49.2804712,QA89npzfKP8-Qd2sGIKfTA,Yelp,222.25492730019974
Traditional Nata,0.0,0,King George,-122.8449408,49.1807873,_fP9Mhdd4qMWCc7mT4A9Mg,Yelp,223.02337010104608
Provence Marinaside,3.5,360,Yaletown-Roundhouse Station,-123.1194637,49.2733385,yRjZg5jkJP6fZDxl15BWQA,Yelp,223.67245547669802
The Butcher & Bullock,3.5,106,Burrard,-123.1173056,49.28628,_FilivvpCbfT3vac3P_oiA,Yelp,225.23177157756808
Subway,1.5,5,Main Street-Science World,-123.1001291,49.2751966,AIv4dHPkvIJu4oiK0UKBPA,Yelp,225.6952508691145
Pho Twin Restaurant,0.0,0,King George,-122.8452151,49.1848044,k8yRYONNeT6g1In4Ycl9vA,Yelp,225.95218753830812
Caffe Cittadella,4.0,157,Olympic Village Station,-123.11726668221056,49.26480938663551,UkSNdIF54dvas25eh_CmFw,Yelp,226.51267334625882
Encore Suite,4.5,3,Stadium-Chinatown,-123.109174971689,49.2776420028873,C94-kFxcgmJGG6t1pLxDZQ,Yelp,227.15198431959683
gastronomia Italia,5.0,4,Columbia,-122.90812679573745,49.20325393435578,5vn9H_JGrXW--N7eyZUcbg,Yelp,227.52365644222044
Freshiii,2.5,6,Yvr–Airport,-123.177316100068,49.1961614759379,PD8mB9nzgqR3SMij3w39kA,Yelp,228.0020195179945
ARC Restaurant,4.0,167,Waterfront Station,-123.1137298,49.2872868,W2WQDWey3ycXfRdfDShuAA,Yelp,228.31416200639634
OEB Breakfast Co. Yaletown,4.5,724,Yaletown-Roundhouse Station,-123.1192724,49.2734341,QmkGDL-8zexdKV3Xcn8ZYg,Yelp,229.1030745161506
Joy Sushi,4.0,49,Gilmore Station,-123.010636587766,49.2643086657704,qMCWNp7-77fjOdhX3TsPKA,Yelp,230.06654479626022
Browns Socialhouse QE Theatre,4.0,35,Stadium-Chinatown,-123.11287,49.28022,suqB3S2tjRqg_4UR7Ji3cA,Yelp,230.74968137995927
Indian Delicacy,4.5,104,Burrard,-123.12141,49.28749,ykzWuSC4W5zFO6k0hdItcQ,Yelp,232.49234692653437
The Dirty Apron,2.5,2,Yvr–Airport,-123.176977,49.196122,b0DIeJLmRsk-sZLSLE5g_A,Yelp,232.65888960164912
Salmon N Bannock On The Fly,4.5,5,Yvr–Airport,-123.176977,49.196122,RZRAufWmmXFuj7wPWR96uQ,Yelp,232.65888960164912
Rc Cafe & Deli,0.0,0,Gilmore Station,-123.0166357,49.2641591,ePGdXXXGs-5ztMhqDyeqng,Yelp,234.50735767479276
Vlassis Souvlaki & Greek Taverna,3.5,18,King George,-122.8445654,49.1849282,nA8cRCCdMhp1TCqFvhAlaQ,Yelp,238.2652558583715
Rogue Kitchen & Wetbar,3.5,144,Broadway-City Hall Station,-123.117827,49.263047,JcxSnoXt1q6LdSEgwJsdRQ,Yelp,238.5395678428531
Bodega On Main,4.0,211,Main Street-Science World,-123.0997112,49.2752787,a_uX_ffrbXsWgUpD5pjW7g,Yelp,238.79487223589658
Caveman Cafe,4.5,271,Stadium-Chinatown,-123.10703500282293,49.280802324947445,ljnjap6GNVMvS1DNzgDOYA,Yelp,239.41948321323432
Acquafarina,4.0,15,Granville,-123.11539859159646,49.28119252835717,XdQafgsosjlMoewEHGQvkg,Yelp,239.44901250623488
Bento Sushi,0.0,0,Rupert Station,-123.03585,49.25925,TNiK_yAgHEjSrWDgnTBmhA,Yelp,242.4353822374917
Nuba in Yaletown,4.0,100,Yaletown-Roundhouse Station,-123.1245237819059,49.27592284071101,0bfwNvbJ58pO3TTkZIcr1A,Yelp,242.66848839249445
Boston Pizza,2.5,62,Rupert Station,-123.0318496,49.2587663,6NeFivDLWJCoP-8l3Bo3Bg,Yelp,242.90165628048985
Thai Hang,2.5,24,Yvr–Airport,-123.1749191,49.1943054,lqKJxvqwNVcfulH09MEFmw,Yelp,243.9216705730345
Pholicious,4.5,149,Granville,-123.11279,49.28297,0c96ecE3bOTmgZscx-GAUA,Yelp,245.1477808091302
Japadog,4.0,835,Vancouver City Centre,-123.1184049,49.2802668,a7YBnJsJUSg5AnfDM9ZmYg,Yelp,245.35948552443577
Pizzeria Ludica,3.5,35,Columbia,-122.909304314068,49.2040696455815,w-VJz3Z5bABl9P-0HAbygg,Yelp,246.11008852735787
The Story Cafe,4.0,153,Bridgeport Station,-123.1279051,49.193649,3H63O0o-PXy7yW3MtJznOQ,Yelp,248.8365613077147
A&W,0.0,0,Yvr–Airport,-123.18166271165668,49.193716529250025,EmrB1CrrGL-2xOggeb98AQ,Yelp,252.34925501685848
The Greek By Anatoli,4.0,253,Yaletown-Roundhouse Station,-123.1197178,49.276285,DhWNZXfKSlUxMcQQ6EUkMA,Yelp,252.52867233632
Medina Cafe,4.0,2580,Vancouver City Centre,-123.117036269849,49.2804429972571,VPqWLp9kMiZEbctCebIZUA,Yelp,252.66133964199557
Black Frog Eatery,4.0,213,Waterfront Station,-123.108687,49.284598,MWerlIaV9pIcFpWsrtC-cg,Yelp,253.92797780488985
Belvedere Cafe,4.0,3,Main Street-Science World,-123.10388,49.273353,yQs7xYkya4WECsh0PpIyOQ,Yelp,256.8892391227927
Banter Room,3.5,118,Yaletown-Roundhouse Station,-123.1196683,49.2763185,tcMvdTNquoTxdDY-o2IsZw,Yelp,257.68860647346867
Bread Garden Urban Cafe,3.0,3,Yvr–Airport,-123.1747399,49.1945454,NCkKMn7ybzJeKH63Qf_iHg,Yelp,259.4225473050936
Stanley Park Taphouse,3.5,24,Yvr–Airport,-123.18002341349252,49.19216459665226,WDifyi3ePvHVb2msg2LOZw,Yelp,260.4692619703521
Regal Mansion Cuisine Seafood Restaurant,4.0,27,Broadway-City Hall Station,-123.11651119496848,49.26099858201743,1ghN_fDAOTYW_9jlD6payg,Yelp,264.29601900780284
Mimi’s Cafe,3.5,3,Gilmore Station,-123.010311,49.2659231,2MKgjYSbwSetaQaUu2fKZQ,Yelp,264.62851957110627
Baby Dhal Roti Shop,4.0,21,Commercial-Broadway Station,-123.0700069132788,49.26029225937164,dw501Yz4kj8x1a4OafG1Cg,Yelp,265.1282864041494
Holy Chow,4.5,41,Waterfront,-123.1122509,49.28317639999999,tlf2fI5FOm8KUCgy73qhSQ,Yelp,265.17330824987096
Bubble Waffle Cafe,4.0,19,Broadway-City Hall Station,-123.11629,49.26086,NAP1sxQaytZs9HPAP9o5cQ,Yelp,269.45709711339794
Bali Thai,4.5,91,Stadium-Chinatown,-123.106226601714,49.2802711224293,IzV22QQpDf3bRgkilWI9Yg,Yelp,269.5460102613764
Showcase Restaurant & Bar,4.0,127,Burrard,-123.1204414,49.2879858,WPrY9K874pABkAqSxO17nw,Yelp,271.08547885861896
Royal Tandoori Indian Restaurant,3.5,93,Columbia,-122.90983,49.20512,_WICh0ltcNabYR-nJ8upRA,Yelp,271.5223720802136
Kamei on Broadway,4.0,16,Broadway-City Hall Station,-123.118152,49.263643,ziQqb3wVR0WHCOyFiw2XmQ,Yelp,271.70981149875456
Nightingale,4.0,466,Burrard,-123.117770967577,49.2874110331456,hDQmMvYXpLVXwhXSu9HsOQ,Yelp,271.7219544341599
Redbeef Noodle Express,2.0,1,Columbia,-122.909854235382,49.2050509643874,627oUZNQTwYO_TNnJmQStQ,Yelp,272.45494974560427
Hive Cafe,4.5,44,Columbia,-122.9078103,49.2026375,IS6qXTdFkFh0YAzTlMDpdg,Yelp,272.4612198855512
Victoria Pulse Trading Corporation,0.0,0,Main Street-Science World,-123.10126,49.27556,HCQi2M1EKhDc3Xgk7ZESdg,Yelp,273.61775087356096
Tractor,3.5,27,Broadway-City Hall Station,-123.118251698812,49.2634674383775,YH_jjPE1ieLSGC-YqJk0Lw,Yelp,274.3160139966983
Enzo's Cafe,4.0,2,Rupert Station,-123.032333374023,49.2583351135254,iBZ0Cqn6ay40YqWDj-qPmg,Yelp,274.81481195574065
Tacofino Yaletown,4.0,165,Yaletown-Roundhouse Station,-123.1194951,49.2764357,xOqfvlf_oVeAcqj2xHrx1w,Yelp,275.7459472556246
Triple O's,2.5,13,Main Street-Science World,-123.104152,49.2733,IBdHOY6rdXMV-eFt72YzJg,Yelp,276.20018392878274
Sushi Dragon,4.0,91,Broadway-City Hall Station,-123.118358,49.2631475,d8ohqCaLAbF9qPN3d93JJQ,Yelp,277.50923191814036
Shawarma Corner,4.5,22,Columbia,-122.9086533,49.2029499,jdn_4RoqraiGjk-q4NLuqw,Yelp,278.096024440335
Tendon Kohaku,4.5,85,Vancouver City Centre,-123.12179426645872,49.28107123873706,S-wgeQmV5v4g4wti05zUlQ,Yelp,278.25082273195216
Tim Hortons,2.5,36,Gilmore Station,-123.0106276,49.2665259,yfTUJEaH05SQUTumNW7l3w,Yelp,279.79673846536826
Aidan's,4.5,2,Burrard,-123.11833,49.28776,3BJOc0BZvfljw06OTITEJQ,Yelp,280.54993181039333
Cactus Club Cafe,3.5,152,Gilmore Station,-123.01085799,49.26671212,c7GPtFk8fwAHJ2M0NxUi9g,Yelp,280.8603366181648
Congee Noodle Delight,3.5,93,Stadium-Chinatown,-123.106225075342,49.2805896869679,g2H-Ml9RJp3aHzdAr8Mkwg,Yelp,280.9367095850346
El Guapo,4.0,42,Yaletown-Roundhouse Station,-123.120114580259,49.27677028299,zUYE1lH1OUM419ArHHmWCQ,Yelp,281.4396740125042
Cafe Tica,4.5,15,Broadway-City Hall Station,-123.1108151,49.2637017,5CBNKRtTMKIt4e_TPAl2sw,Yelp,281.44933990563277
Riley's Fish & Steak,4.0,46,Waterfront,-123.1151089,49.287641996861865,2L1qgW7SlsvmEs5wzAaM0w,Yelp,282.0107119884456
Five Sails Restaurant,4.5,179,Waterfront Station,-123.113292160758,49.2880313351364,OUzfOoeRg_OY4MChz7VguA,Yelp,283.81015638306184
The Parlour,4.0,461,Yaletown-Roundhouse Station,-123.120221,49.276835,-naJRqkmbos0UeWApfEvtw,Yelp,284.34002181906567
Le Petit Belge,4.5,9,Main Street-Science World,-123.100187199709,49.2757387768416,L5wCAKjN0x42GT-JKc8yuQ,Yelp,285.65722581440156
Acqua Restaurant & Bar,4.0,19,Gilmore Station,-123.0105296,49.2665315,WyXO9hkBnh6oRjOlDAVxQw,Yelp,285.77759590428866
Bubble World,3.0,59,Columbia,-122.9100876,49.2048187,VbpJUj6_Pyq6cM6efmV4TQ,Yelp,288.24722576192096
Waves Coffee House,3.5,37,Patterson,-123.009732,49.231581,V1akGtgOrbcVCcqx_HASeQ,Yelp,293.8053500926274
Aperture Coffee Bar,4.0,124,Broadway-City Hall Station,-123.110469593,49.2632037459,PrKpa6Ejv1v1WvIIywYMvg,Yelp,296.29908243414604
Klohn Crippen Consultants,0.0,0,Renfrew Station,-123.043148,49.261158,IBcnU6WWTYZHA6binp_xww,Yelp,298.3998325624855
Pourhouse Restaurant,4.0,551,Waterfront Station,-123.10842879595,49.2841134475502,n4y_jKEQLIQeDjHge9uJvw,Yelp,298.4534555386612
Moltaqa Moroccan Restaurant,4.0,22,Yaletown-Roundhouse Station,-123.11897,49.27642,5agBC2w4C-sg4YhKa9Islw,Yelp,300.442390487399
Big Way Hot Pot,3.5,3,Patterson,-123.0094545,49.23150769999999,qbLwk1Zw-eQB6AhMBvaqPw,Yelp,303.42070246541164
Kyu Grill,4.0,13,Broadway-City Hall Station,-123.113357543945,49.2603797912598,NBm-y1Jv-sV5TeDmOWDP_A,Yelp,303.47272096666023
Java U,5.0,1,Yvr–Airport,-123.182000044444,49.1929654688028,v87QEnjkx7Geue4N5V1ymw,Yelp,304.09379168380934
Bacchus Restaurant & Lounge,4.0,183,Vancouver City Centre,-123.12281,49.28232,2vXKCM4qvVhCiYuCjOSMEw,Yelp,304.90717849446827
Ay Chihuahua,4.5,4,Commercial-Broadway Station,-123.0700989,49.25993245749081,1ASEC2keF8dTecjB7M9nJQ,Yelp,305.6504926854147
Feast & Fallow,5.0,6,Oakridge-41st Avenue,-123.112521,49.233715,ERcIQhpmp_6tlHEtSMi22g,Yelp,305.8276812145854
Torafuku,3.5,216,Main Street-Science World,-123.09961118220762,49.27589499983855,7XnemYpqDJkUWH6u4D_BdQ,Yelp,307.491730949955
Brass Fish Tavern,4.0,17,Waterfront,-123.1169064,49.2873401,wjF0lA0ymNaYkZ2xk5WYLA,Yelp,308.39505990480444
Branas Mediterranean Grill,3.5,64,Olympic Village Station,-123.1184584,49.2686214,WzDJgVPU-11oe4B5GK4Akw,Yelp,309.80601863659757
Fanny Bay Oyster Bar & Shellfish Market,4.5,744,Stadium-Chinatown,-123.1138689,49.2787525,Ufhxnrt_OJu4jHfVTP3aRQ,Yelp,310.25000762524195
Olivia's Bakery & Cafe,0.0,0,Olympic Village Station,-123.1180995,49.2688162,4nMBO4ubziaSaYnnQHDgvg,Yelp,310.5272752853466
iDen & Quan Ju De Beijing Duck House,3.5,92,Broadway-City Hall Station,-123.1148451,49.26021,Zi8Ywk36Ws_4zjw2gjMMFA,Yelp,310.74290998035434
Carlino Restaurant,3.5,24,Burrard,-123.124482,49.2859149,4vMUHaD8WD2b6N3Shu4uYQ,Yelp,312.89678844809043
Alebi African Cuisine,4.5,6,Gateway Station,-122.8468722,49.1976847,qCEm-xJivbX18JwOaKorAA,Yelp,313.1724232203331
Can Kho Barbeque,0.0,0,Gateway Station,-122.8468722,49.1976847,k6tVugpz1cD1fixNXQYSnw,Yelp,313.1724232203331
A.Bento,4.0,24,Broadway-City Hall Station,-123.118857,49.263164,y583PSvm5c6tZYmRiboYYA,Yelp,313.76384203357503
Convivial Cafe and Bakery,4.5,11,Olympic Village Station,-123.1196639,49.2675426,mdCA6PbTd9DvUfW1pEfQdQ,Yelp,313.88516055693816
Bubble World,3.0,177,Patterson,-123.00875,49.23097,RPnSUIZMRS5T8KsSI1dwMA,Yelp,314.3668670271561
Big Way Hot Pot,4.0,50,Patterson,-123.00875,49.23097,olq_XW7wXttHyLIhmpArVg,Yelp,314.3668670271561
Chirpy Hut,3.0,5,Patterson,-123.008747,49.230972,9sbAJFhhXuFoCUkNdMzbTw,Yelp,314.6589980978674
Naruto Sushi,3.5,114,Commercial-Broadway Station,-123.0700138,49.2598295,EWwUwwhlshICZK7jFgaEjA,Yelp,315.7033740342275
Vecceria,0.0,0,Main Street-Science World,-123.1000905,49.2760132,2N5lNBT-TeGY_fUDZQlbJg,Yelp,316.4878867542248
Pho Quynh Express,3.0,1,Main Street-Science World,-123.10133323073389,49.2703843,IYre2ZHKpco1b9ZYcT3Fag,Yelp,318.08075999705363
Hendricks Resto-Lounge,4.0,24,Vancouver City Centre,-123.11688,49.27984,UAYCq0BHeHLYGCEBslpj1g,Yelp,318.2263038199462
reLiSH Gourmet Burgers,2.5,6,Olympic Village Station,-123.1117883,49.2679537,cWe9QbG1ePS5hmI-svPw8A,Yelp,319.3850245947804
La Taqueria Pinche Taco Shop,4.5,521,Waterfront Station,-123.110593,49.282912,vXTo69v2bGEyuBdT0X1hrw,Yelp,319.4084461424996
The Magnet,5.0,17,Stadium-Chinatown,-123.1110785,49.2824018,JGZbGEKXmZ7OeqjYaGp4bw,Yelp,320.3022391208111
Chirpyhut Fried Chicken,3.5,2,Patterson,-123.0087313055992,49.23107067591371,oUNaDSy2Oc8WrkNNhgP6bQ,Yelp,320.5316840168514
Autostrada,4.0,36,Stadium-Chinatown,-123.1114907,49.2823159,K4NYaETajFc-rTxWlqKKyg,Yelp,321.2423218017832
The Burrow,4.0,504,Commercial-Broadway Station,-123.0700099,49.2597591,UbwADEKly9ZiNzviUJbc0w,Yelp,323.3593374320991
Harambe Restaurant,4.0,134,Commercial-Broadway Station,-123.069867,49.265519,kiNams-1PqBfHMEu4jJKrA,Yelp,325.2547373799739
Tableau Bar Bistro,4.0,270,Burrard,-123.1235689,49.287494,iafE2JEpZ_ipd89tlk1MTA,Yelp,325.820412991588
Tairyou Ichiba,3.0,73,Patterson,-123.008816737434,49.2312942773056,WLaToUGPx3gfrLgQS4L8Ow,Yelp,327.27799324128665
Cafe Algarve,3.5,3,Commercial-Broadway Station,-123.0700568,49.2597049,TcW48je6YjGnxVSXEheffw,Yelp,329.8934114066659
Pizza On 12th,0.0,0,Commercial-Broadway Station,-123.0700994,49.2597049,e8yCQo6ZWfVXMh6g_cxifw,Yelp,330.46521501872496
JOEY Burrard,4.0,553,Vancouver City Centre,-123.12316775322,49.2827851242953,nV-MkqGnkH1fyxuVCs5Jpw,Yelp,332.2661956904193
Oceans 999,3.5,28,Waterfront,-123.1148699,49.2881297,Q7DVB7X0194ohRLOlnz2_g,Yelp,332.43398681912646
Meat & Bread,4.0,785,Stadium-Chinatown,-123.109336831057,49.2826255017147,5T0vKfIJWP1xTnxA7fJ17w,Yelp,333.5921827748713
Joe Fortes Seafood & Chop House,4.0,1230,Burrard,-123.12473,49.28493,2cXOMeyBCx4JFgs5-CJQdQ,Yelp,335.511303915214
Fresgo Inn Restaurant,3.5,94,King George,-122.8452051,49.1858109,NLfhNwGYfR-6wj4BPI4gAQ,Yelp,337.125671130082
Saffron Indian Cuisine,3.5,232,Patterson,-123.0085405,49.2311623,G6hYoRIyR6j55mmYuG65Ew,Yelp,337.51653947288247
Old Crow Coffee Co.,4.0,94,Columbia,-122.9085935,49.2022517,QF1GCpwsqRhUsnyuShskDw,Yelp,337.8700198232585
7-inch Waffle House,4.0,6,Broadway-City Hall Station,-123.10988,49.2633,TEj4IFgN-FCW3ph8FVu--A,Yelp,339.86197827522443
Frankie's Jazz Club,4.0,48,Stadium-Chinatown,-123.1137363,49.2779493,QcobdaSnBNZuqgsRMVWfjQ,Yelp,341.0712113903997
Pizza Factory,4.0,24,Patterson,-123.00850774488256,49.23119774731238,nfBo3QwGwCcpNlDUzWv1ug,Yelp,341.4564417985678
Rvegan Tour,0.0,0,Gateway Station,-122.84697,49.19705,h1dz_jNVFuFZ_5YpO_7m1Q,Yelp,345.34909750902517
Milan Pizza,1.0,1,Gateway Station,-122.8460201,49.1984289,gEeumFgpe4LgMKB8jcbs2g,Yelp,345.9692803696603
To Dine For Eatery,4.5,73,Main Street-Science World,-123.0957108,49.2724419,Z63CvMshIW9FjDRaFph3bg,Yelp,346.22712275099
Mott 32,4.0,175,Burrard,-123.12453512818163,49.2868644189919,wVlLeeowJn_VEhMOJVxMBQ,Yelp,346.35029454150805
Kuy's Lechon,1.0,1,Marine Drive Station,-123.11971,49.20709,GG0ZExTmjr56H7Lugw8qjA,Yelp,347.115125148344
Nuba in Gastown,4.0,743,Stadium-Chinatown,-123.109646101134,49.2827625062516,IKWsLkiJLA4YwiIoxnaZaQ,Yelp,347.2345058975512
Maruhachi Ra-men,4.0,40,Bridgeport Station,-123.12917,49.19312,JxcMOw_SWTZ9FWyDOCziLQ,Yelp,350.94641492842163
Sal y Limon,2.0,13,Yvr–Airport,-123.176597356796,49.1971750127236,60pjSA2AbNyNnJgbVodV5w,Yelp,351.59537086080667
Ramies Greek Restaurant,3.5,78,Patterson,-123.0088067,49.231676,ODVekYp74I_Fw9ZdYKrHVw,Yelp,351.87421092737947
Zubu,4.0,13,Vancouver City Centre,-123.12342465140536,49.28200687636412,XjycuK4Comu_agn_8PtpeA,Yelp,352.80646218630733
Black Rice Izakaya,4.0,292,Stadium-Chinatown,-123.114329,49.278444,8HH7xRjmjwzkhADZWir_Cw,Yelp,353.49670101918286
Timber Bistro and Books,4.0,4,Renfrew Station,-123.04893,49.26114,JGF2AJ_osM8bDPNcdlYKLw,Yelp,358.19429083647873
Manoush'eh,5.0,227,Yaletown-Roundhouse Station,-123.12570086148996,49.27667072314417,K1nbiOrySlw_-XG-3NmErQ,Yelp,361.58062222319245
Bibis Kitchen,3.5,12,Main Street-Science World,-123.0957878,49.2718617,Z-8uKkHEZsNu_6oHSK1fcw,Yelp,361.63886778509715
Tagine Moroccan Restaurant and Bar,4.0,148,Stadium-Chinatown,-123.1063304,49.28198,zz4WGzntV59HqhefV5zigQ,Yelp,362.6225664247791
Sushi Garden,3.0,259,Gilmore Station,-123.0093272,49.2666107,Dasi6G7bPTMv4k0hPp5MVA,Yelp,363.1719170027445
Basil Pasta,4.0,7,Patterson,-123.0138252,49.2329397,tXJazvN187mY4DtyN1GMHA,Yelp,363.6700126408789
Happy Noodle House,4.5,76,Yaletown-Roundhouse Station,-123.12578,49.27664,V4w2oMsWgZSmGKbbku9lKA,Yelp,363.7264778403891
Taco Del Mar,1.5,10,Main Street-Science World,-123.0957528,49.271856,4k_2wrU4kJ5NurcnYzc-zA,Yelp,364.21857617535613
Di Reggae Cafe,3.5,12,Gateway Station,-122.845724260977,49.1993266812552,Wzg1D5l7oFwzp46eBjdh_w,Yelp,364.4618753952406
Pizza Hut,2.5,12,Patterson,-123.008755373023,49.2318399855643,BGpm3aDcwiUaJPor0vCxNQ,Yelp,366.0921548990773
Chongqing Restaurant,3.5,142,Commercial-Broadway Station,-123.06945,49.25932,CeRGk8xwC4XusfqHYMAMPg,Yelp,367.6039854905786
Milestones Restaurants,2.5,60,Yvr–Airport,-123.178306098627,49.1975162637568,doWp5ZWBodyaeMxYUw63nQ,Yelp,367.8039913822158
The Pizza King,4.0,32,Commercial-Broadway Station,-123.0742859,49.2622151,o96qq6VxlONmsPt0JxS90w,Yelp,369.2083593629326
Yui Japanese Bistro,4.0,124,Burrard,-123.1247016,49.287111,uZGQy70xpYkUzQxTpKoXaA,Yelp,369.3771611624294
Genki Eki Noodle bar,4.5,3,Broadway-City Hall Station,-123.119582,49.263459,pOJVxUpvGI7IFH17BzvhuQ,Yelp,369.4069786105983
One Bowl,4.0,12,Broadway-City Hall Station,-123.1195716,49.263533857529154,_ItmR4oTnTP-4-WL4LxLmw,Yelp,369.909869272678
El Santo,3.5,255,Columbia,-122.9093807,49.2022405,bn6HPzhF36_jXWJOx2RQ6g,Yelp,372.41971197086394
Pho Nhuan,3.5,42,Rupert Station,-123.0339449,49.2573836,0NXs-hYO0rZN9cn-KmWwug,Yelp,372.42259272857467
Bacaro,4.0,13,Waterfront,-123.1169647,49.2880176,uimUbWVTjWSTwSsheOL4FQ,Yelp,372.6153190854237
Jade Seafood Restaurant,3.5,181,Bridgeport Station,-123.12975828220316,49.19318963820905,i8h0zIQsuu9YPz8iYqqSNA,Yelp,374.48348792599324
Uno Beef Noodle,4.5,63,Bridgeport Station,-123.12980856746434,49.19321810995712,yK7KreB1_jUPc3uTAH110A,Yelp,374.9362679562677
Basil Garden,4.0,124,Renfrew Station,-123.044808884517,49.2622628991938,KqsG8n-13fBeO0L21f77Kw,Yelp,375.8460846567672
Delicia Cafe & Bakery,1.0,1,Columbia,-122.90914,49.20208,J98K94pWAKxiH_21DUTQtQ,Yelp,375.88897066978734
Pho 24 Express,3.0,48,Patterson,-123.008213830688,49.2314990239139,Khg_nlobOeWl-heN27NKOg,Yelp,376.518825909955
Chancho Tortilleria,4.5,2,Commercial-Broadway Station,-123.069397,49.266008,Scd83omjUJGiEKpImOE5QQ,Yelp,376.5754814969709
BBQ Chicken On The Way,1.0,1,Main Street-Science World,-123.1000684,49.2765641,QBkqthkMgxl71B202XXFUw,Yelp,377.7376762894275
Mr. Sub,3.5,15,Renfrew Station,-123.04474,49.2622799,_ZoyGkVsrQWvt0NlIfXNzQ,Yelp,378.30420046765954
Circus Play Cafe,4.0,52,Commercial-Broadway Station,-123.0703201,49.2592888,Clw_6Sp9BVbyy94k640_aA,Yelp,378.9939417063398
Neptune Wonton Noodle,1.5,66,Templeton,-123.141477,49.197616,XYbwxm-UOWUm5VdryGr68g,Yelp,379.421490951842
Chop Steakhouse & Bar,4.0,16,Waterfront,-123.11514429303064,49.28853572427664,kdTYS_RakkKpQBlqYLmNow,Yelp,380.05979053969503
Fighter Chicken,4.0,18,Renfrew Station,-123.0447820127263,49.26230397295334,ZZqZwtP0y0npuamMUe3CwQ,Yelp,380.6025866515472
District Bar & Restaurant,4.0,91,Stadium-Chinatown,-123.114148463454,49.2777057046774,Ev4OaNeVoq6UbKd8774dyA,Yelp,381.00158470461975
Big Star Sandwiches,4.0,61,Columbia,-122.9094816,49.2021828,wwqKcf4bX2P6Xm8e7l8nFg,Yelp,382.0366290774261
Vallarta's Mexican Restaurant,3.5,64,Renfrew Station,-123.044646027,49.2623059898,PVXvty0n6UzXM_2ELEJCjQ,Yelp,382.07174368616614
Sushi Shogun,4.5,25,Gateway Station,-122.8455,49.19947,0olVZPe8YS6mHQQ5pxBLnA,Yelp,382.6659056128415
Boulevard,4.0,281,Vancouver City Centre,-123.123884,49.2827182,DJplkq9x17wm2V4vIT4brg,Yelp,383.3588094846931
The Mill Cafe,0.0,0,Royal Oak Station,-122.9874456,49.2234617,N4RxgLL1YKjXO2Y2yFZeDg,Yelp,384.01043128315825
Pizzeria Farina,4.0,227,Main Street-Science World,-123.10011416319465,49.27662275332361,Wt0FJhWfiPZOosmPatAvXQ,Yelp,384.08804951041185
Monk's Grill,2.5,82,Yvr–Airport,-123.183076,49.195658,XCsvrQ7CNQBBQKhv1OHoIg,Yelp,384.44954374257185
Church's Texas Chicken,3.0,38,Gilmore Station,-123.009207511288,49.2668522230143,eRyzq3VBttp2WbVOolBtKQ,Yelp,384.6972795024334
Habanero Taco Grill,0.0,0,Bridgeport Station,-123.130552,49.193703,Ze7cHSTasDwKr9wPsTT_Rg,Yelp,384.84243439241226
Ignite Pizzeria,5.0,18,Yaletown-Roundhouse Station,-123.11858,49.27724,0S5mWN5r-dQsTSCDdzCrtg,Yelp,386.9822726637675
Dallas Souvalaki & Pizza,0.0,0,Commercial-Broadway Station,-123.0698349,49.2660956,kp1CniYkCQDV2oBtZvTQeA,Yelp,388.5697608748165
Tangent Cafe,3.0,139,Commercial-Broadway Station,-123.06985951164322,49.266099101603416,LklghlHetMds8vGlEshMjg,Yelp,389.1601005565905
The Ballyhoo Public House,4.0,10,Vancouver City Centre,-123.12397015451256,49.28210210327892,RPvSCH2rpBJ7FVWK8gcNZA,Yelp,390.7473041687107
Church’s Chicken,0.0,0,Gilmore Station,-123.00914677909851,49.26690116950268,g_17SSnxxBme0qGjNCsDgw,Yelp,391.3690091859875
Elephant Garden Creamery,4.5,130,Commercial-Broadway Station,-123.0694056,49.2661487,JoaCHPW7XMzZJDAjFKl3jg,Yelp,392.2324693853922
Botanist,4.5,366,Waterfront,-123.1167271,49.2883099,QzZfjFBnqtBZUUFlWVCd5w,Yelp,392.5057765518678
Dos Amigos,4.0,6,Main Street-Science World,-123.0983276558197,49.26988240482373,j00IT_2vznAvTJC-QxxyrQ,Yelp,394.1170547505123
BrezelTwist,4.0,1,Bridgeport Station,-123.1311304,49.1942646,EeYTfLUPryiktlLwZHvcJQ,Yelp,394.7344165451311
Happy Valley Food City,3.5,11,Gilmore Station,-123.01905825591116,49.26545011690214,Ccx-O9LHetvdmTWa9KIhtw,Yelp,396.48381591078555
La Pache Pizza,4.0,24,Commercial-Broadway Station,-123.06935,49.2662,T7KT5Ag16ySOq4LDwbkUoQ,Yelp,397.83005995562235
Machete Mexican Healthy Food,3.5,6,Main Street-Science World,-123.0983884,49.2698194,lD6-PtgXQf32mh6K2geaBA,Yelp,399.03482555909017
Straight Outta Brooklyn NYC Pizzeria,4.0,230,Vancouver City Centre,-123.1166227,49.2791165,Bznl0qYDT-V6DIVkimUBKw,Yelp,399.7748845631224
A&W,0.0,0,Templeton,-123.1409773,49.1971408,Vfc84QCycBWmepCnc5r_iA,Yelp,400.9067999386961
K Cafe,4.5,24,Broadway-City Hall Station,-123.1200714,49.2630081,gnNl71R3D5TlMnqpzelSvg,Yelp,401.34176694150403
Sushi Ville,3.0,150,Commercial-Broadway Station,-123.0696654,49.2662408,HF7NNHZXHyTVyOON26mBHg,Yelp,403.483625017118
La Piazza Dario Ristorante Italiano,3.5,79,Renfrew Station,-123.0495414,49.256488,UIExlCSKB-SRP5Wz1JfCng,Yelp,404.2613212320163
The Hide Out Cafe,4.0,76,Columbia,-122.9108691,49.2029257,dputIHq0k3FhU4-w0j0otQ,Yelp,404.52202305655203
Shibuyatei,3.5,105,Bridgeport Station,-123.1283896894687,49.19219464953373,P5OY8pOGBl3YIGmNdTSu8Q,Yelp,408.07066079916535
Seasons Bakery,4.5,126,Commercial-Broadway Station,-123.069964796305,49.2589838149698,m03YAzlpWtK1FvZQdVap3Q,Yelp,408.0961900981332
Skyway Sandwiches,1.5,21,Yvr–Airport,-123.175395057117,49.1973667117717,gHYHvX4Zo-Dqy1Hr7M5p-w,Yelp,408.70199849462966
Gojo Café,4.0,61,Commercial-Broadway Station,-123.069605,49.2589549,9BWVClTnPiPnqN_rwQFWdA,Yelp,408.7503435241548
Cafe 106,4.0,42,Royal Oak Station,-122.988622382664,49.2237644468902,BzQCxJG9qOIoXwDMDLJyCw,Yelp,410.4908486594665
Cilantro Indian Cuisine,4.5,15,Broadway-City Hall Station,-123.1089,49.2633,NKxix54qFNKIvGFbDU4oCw,Yelp,410.68620034725404
Chef Hung,4.0,25,Vancouver City Centre,-123.12424,49.28199,_moR7OXFUl3qDDXaZIhzgg,Yelp,411.64661790616816
Super Chef Grill,4.5,80,Vancouver City Centre,-123.116581099631,49.279012421188,vtGxOG7DVS7ftBzRW94uDA,Yelp,411.6590777751779
JOS,4.5,45,Burrard,-123.122008477632,49.2890737079158,TBWsEHR7Bt5qGB2dee_5KA,Yelp,412.80602278600657
A&W,3.0,17,Yvr–Airport,-123.1786571467879,49.19792126329185,TR4Zrt-_I_a9rVoZqfyMOQ,Yelp,413.77444619032417
Kiss Yo Mama Jamaican Soul Food,4.5,2,Royal Oak Station,-122.993553,49.2218051,5DR4cb6UoIW0qn321Gbgzw,Yelp,416.10033716863325
Taqueria Jalisco Restaurant,5.0,2,Gateway Station,-122.8460485,49.1967705,87-jU0PF5sGbNroZ_Ad5TQ,Yelp,417.5561732455627
Waves Coffee House,3.5,37,Columbia,-122.9101707,49.2021378,J1BK0O7Mh7-AFpvuA49wVw,Yelp,419.3778189509213
Simit Bakery,4.5,37,Broadway-City Hall Station,-123.1087722,49.2632345,wQMzD2Aw4ve0xzE9B9e1Vw,Yelp,419.4091748384515
Japadog,3.5,83,Templeton,-123.1411556,49.1980689,sndVyT6A_CL7dfOytRpALA,Yelp,420.0716927394806
Kosoo,4.5,88,Burrard,-123.12592,49.28494,OHMv-_cc0kmRCWV3kM44Bg,Yelp,420.161447332644
Banh Mi Bar Restaurant,4.5,129,Columbia,-122.91101334289716,49.20279527932723,kpjMhnaAYzWA108_dwI-0g,Yelp,421.0876579155525
Guu Original Thurlow,4.0,789,Burrard,-123.125567978574,49.2839786648396,XFVGGq47_5mUM9QQsRO8nA,Yelp,426.63018198812966
Costco Food Court,0.0,0,Bridgeport Station,-123.12226,49.1926,0cFThJsEDu6eEg9wHIpaNA,Yelp,427.15478915488427
Casa Della Pasta,4.0,5,Main Street-Science World,-123.09803,49.26964,Xaf_9CQCZMkW3LgpoAuRiA,Yelp,427.2908876352895
Game Of Wings,1.0,1,Main Street-Science World,-123.09803,49.26964,nydeDzAS3YF76IuTgi9fLg,Yelp,427.2908876352895
Santapan Indonesian Grill,1.0,1,Main Street-Science World,-123.09803,49.26964,0JkJipsenrvxvkRpIMjF5A,Yelp,427.2908876352895
Kouign Café,4.5,38,Stadium-Chinatown,-123.1039576,49.280313,8PrTJSFICr4f_dMictWkuA,Yelp,431.4004054652326
Zefferelli's,4.0,484,Burrard,-123.1261,49.28504,BUFt4lRzuOWUmqHBtv7AmQ,Yelp,431.4392017187854
Kishimoto Japanese Kitchen,4.5,511,Commercial-Broadway Station,-123.06935,49.2665099,I0r8kMimYW2BY6lINcZRFA,Yelp,432.2826185529876
The Dolar Shop - Kingsway,4.5,32,Patterson,-123.0071533,49.231267364092055,dsQpuiHQtYVDu6MkozD5KQ,Yelp,433.7439135679441
Birdies Eats & Drinks,4.5,4,Gilmore Station,-123.019594,49.26535,KQvqQwliMezm7O3ICzJJaQ,Yelp,433.7683539008575
Caffè Artigiano,2.5,12,Templeton,-123.140842,49.197903,Z2awVs-QouGWosUKFyFyew,Yelp,433.7970809201255
Sooda Korean BBQ,4.5,6,Stadium-Chinatown,-123.106049,49.282678,QstYU_fo1_47oeHb_JBoZA,Yelp,434.2975138669937
Tractor,3.0,47,Main Street-Science World,-123.102856641256,49.2695864693285,C8K5GvhWNYY4zBijgekT3g,Yelp,438.21267244238686
Hello Nori,4.5,185,Burrard,-123.1262438,49.2857029,RckRmOcX7OtMUDC40Cz3lg,Yelp,438.39949334300303
Addis Cafe Ethiopian Restaurant,4.5,31,Commercial-Broadway Station,-123.069902,49.2665422,ip5hyNODb1XTq1-3rDKs6g,Yelp,438.46309205307824
Cafe Des Amis,0.0,0,Commercial-Broadway Station,-123.069902,49.26654294327555,LgY6NTTZxEC5VOTdtX2tBg,Yelp,438.54523790959337
Holy Smoke,4.5,2,Commercial-Broadway Station,-123.06987259746528,49.26655256965685,3zaU9jNhg_plHlTJGJbENg,Yelp,439.37990557845274
Vino Volo,4.0,68,Yvr–Airport,-123.174397945404,49.1972558564405,9JRIp0cJUtCV_-riFGmDnQ,Yelp,440.5456424399058
Hariyali Express Indian Cuisine & Bar,5.0,4,Commercial-Broadway Station,-123.0695551,49.2665801,1kIQ8te28ErAK-dFyLHcaA,Yelp,440.6169566383019
Blenz Coffee,3.5,3,King George,-122.847896308483,49.1862116920321,ve8U9S32oqzXUCsPslDn2A,Yelp,442.06889264323564
Guacamole Mexican Grill,4.0,18,Gateway Station,-122.84564846554132,49.196753526063695,xEE6FO04up8mAlGHBaFExQ,Yelp,442.5081981922487
Rinconcito Salvadoreno Restaurant,3.5,87,Commercial-Broadway Station,-123.0695551,49.2666081,_e56IaLWRU9RTdRDbqtLEg,Yelp,443.7261601385178
Hula Poke,1.0,5,Templeton,-123.1402901,49.1966674,cjX_uZGx9P-ANJI8ZMsg0Q,Yelp,444.5630744540325
Pho Mimosa,4.5,12,Yaletown-Roundhouse Station,-123.1256381,49.27773011592513,pyoNszmmnjtWpCNU8NhdXQ,Yelp,445.0308437704347
Brunch,4.5,34,Yaletown-Roundhouse Station,-123.1254634,49.2778182,nGJzmu7ptA3jsJosT1n6ig,Yelp,445.49300343523976
Fritz European Fry House,4.0,807,Yaletown-Roundhouse Station,-123.1265253,49.2772045,A8ab1QjPyC10m9NAKQkliA,Yelp,445.69306053581687
Indian Roti Kitchen,4.5,158,Broadway-City Hall Station,-123.11538,49.25901,pJge_LJ3NV8iQtrERe6AyQ,Yelp,447.55496152534414
Huong Que,5.0,1,Gateway Station,-122.8455449,49.1967455,C46kxtyxr61tXShmeHLJlw,Yelp,449.27190383075265
Gusto A Taste of Italy,4.5,84,Main Street-Science World,-123.10593623668,49.2714006565536,rLAFeOqX4go1jcN36IIIIQ,Yelp,450.6131794940065
Tutto,4.5,49,Vancouver City Centre,-123.1187139,49.2784091,vdQbDQHPq_nA30ngxEgMJg,Yelp,451.5228243307833
Al Iman Market,0.0,0,Gateway Station,-122.8450394,49.1972961,gWWNOtJog7w3FhAuBi-YuQ,Yelp,451.9605877497577
Best Falafel,3.5,79,Commercial-Broadway Station,-123.0698249,49.2666711,qeFnyrrsUwW8Ww_ojxcssQ,Yelp,452.1491472717704
Bibo Pizzeria,3.0,69,Templeton,-123.140173911639,49.1967507118726,QJOCnK9VsJTcb9yW6vnjkw,Yelp,453.51339166646835
Jules French Bistro,4.0,227,Waterfront Station,-123.10638,49.28361,IwujNE6nVlstnFFfMzGbKg,Yelp,453.67716343554304
Browns Socialhouse Surrey Centre,3.5,32,King George,-122.84526,49.17872,6PmA4W_UbuyQDO5GidbYrw,Yelp,453.9006039834239
Krakus Deli Store,1.0,1,Gateway Station,-122.8455449,49.1966604,a4HwanELLpWzk-k6wX0dTA,Yelp,454.54277837702455
Elements Cafe,2.0,9,Gilmore Station,-123.0197851,49.2640726,n83XS_cqCdjUze0VoRDXuQ,Yelp,456.2651161231355
HiFive Chicken,3.5,12,Patterson,-123.00683,49.2313,lyPj5mOXnZGwNrJLn-4pUQ,Yelp,456.8318261968086
Le Crocodile Restaurant,4.5,436,Vancouver City Centre,-123.124911131657,49.2822815356982,GSg5v3ZJxmMPrlAXqat8tA,Yelp,457.3397444096485
Tap & Barrel - Olympic Village,3.0,447,Main Street-Science World,-123.106136,49.2715389,AdFx4Ih_onS0JOpE_gjePg,Yelp,457.3732093477779
Hon Sushi,3.5,64,Patterson,-123.00675144046416,49.231211,7uKsQMaXfEufNEyXMCgy0w,Yelp,458.5465040690192
Pho Hong Huong Restaurant,0.0,0,Gateway Station,-122.8455449,49.1965931,Ttow-a23REDdz8aVjCi-ow,Yelp,458.8064986637708
Subway,3.0,8,Bridgeport Station,-123.128562567762,49.1917154289305,pw-bEWfUCbQaay38lf1v6g,Yelp,461.8848608028054
Neptune Wonton Noodle,3.0,19,King George,-122.84743837116434,49.1865774185184,eXQq0BPDyBFCFtjcZ98r_A,Yelp,462.74350087815606
Mucho Burrito Fresh Mexican Grill,3.5,24,King George,-122.844658,49.178619,9v0Iz8rR1-CK3GumfuSwgw,Yelp,463.99412165990105
Camden Food,2.0,2,Yvr–Airport,-123.184254218667,49.1957266361235,heaCukUC-K3cBIpxdFeMFg,Yelp,466.2776531207646
Cactus Club Cafe,4.0,817,Burrard,-123.1181077748714,49.2895176422553,jKO4Og6ucdX2-YCTKQVYjg,Yelp,466.347444260183
Yanaki Sushi,4.0,76,Olympic Village Station,-123.1219663,49.2657961,GOTYtiGZ1fxE3jw6_7R0yg,Yelp,467.8572934173671
The Taste of Africa,4.5,26,Gateway Station,-122.845649,49.196348,duDC9wKrKd_lsSPeMvyccA,Yelp,469.05476906494675
Triple O's,3.5,14,Rupert Station,-123.02783900959,49.2585236853084,pQJPg1LnV-KIWMDE6UeF-w,Yelp,469.4660851641944
KFC,2.5,2,Bridgeport Station,-123.1287743,49.19169950000001,7FAcIbtmKZJoG3GfIwD1yg,Yelp,469.7708921288693
Hashigo - Sake Dining ,4.5,3,Yaletown-Roundhouse Station,-123.12765,49.27658,oqKcL1-J9Adc_l0637pVvA,Yelp,472.45236384451687
OPA! of Greece Central City,2.0,5,King George,-122.8456949,49.1870201,eYFaFx9IVimsYu7LviMoaw,Yelp,474.780633917369
Manchu Wok,1.0,1,King George,-122.8456949,49.1870201,z1IqNfAX42va77RM9PXdAg,Yelp,474.780633917369
Taco Bell,0.0,0,King George,-122.8456949,49.1870201,8hgjfIiI5wz2XbO29fKaHw,Yelp,474.780633917369
KFC,2.5,2,King George,-122.8456949,49.1870201,T5TyPO219oQ7y8SFhlE7eQ,Yelp,474.780633917369
Teriyaki Experience,0.0,0,King George,-122.8456949,49.1870201,TsNeIjdWEFGZoNsowpcXmA,Yelp,474.780633917369
Taco Bell,0.0,0,King George,-122.8456949,49.1870201,Aodf6N1ZEPrMShFwT4qSIw,Yelp,474.780633917369
Subway,0.0,0,King George,-122.8456949,49.1870201,D7xfZ2v1a9gHBP_rAnxSFg,Yelp,474.780633917369
Burger King,4.0,4,King George,-122.8456949,49.1870201,apbgG-td6sB2zB4mkhGLHA,Yelp,474.780633917369
Cultures,2.5,7,King George,-122.8456949,49.1870201,4043rYzQziz_t92ggrql8w,Yelp,474.780633917369
Quesada Burritos & Tacos,1.0,3,King George,-122.8456949,49.1870201,Ret7xEphzRoVCXZ_8m8OEw,Yelp,474.780633917369
Steve's Poké Bar,4.0,5,King George,-122.8456949,49.1870201,vgMJMKjlwDc7zFPZXionww,Yelp,474.780633917369
Bros Bbq,3.5,4,Gateway Station,-122.8442272,49.1995192,SpEvJB42wQlMHvQJfLfDyw,Yelp,475.0200018370941
Alvin Garden,3.5,53,Royal Oak Station,-122.99453,49.22173,Mvk_xsjPZADSceH6qVwJng,Yelp,476.84560025054
Jia Wei,0.0,0,Royal Oak Station,-122.99449,49.2218,-gd2t_tMMjM0YO_xU3ARjw,Yelp,477.24334270468324
The Templeton,4.0,527,Yaletown-Roundhouse Station,-123.1243982,49.2785261,2rME5YVpz8HlUXmEXuR-ew,Yelp,478.08641008129945
Jiawei,0.0,0,Royal Oak Station,-122.994513,49.2217943421936,YU7oXMHwAB6Jxn_kzAklIg,Yelp,478.5214063796154
Kamamarui Ramen & Don,3.5,237,Royal Oak Station,-122.98879,49.2243728,PhfoQ4pEzGA2dDO_w_76AQ,Yelp,478.5466361215161
Chachi’s,4.5,4,Templeton,-123.13981426454708,49.19668682982231,kltAHZcoH10CTR--6kE29A,Yelp,479.2016038998266
Lupo,4.5,437,Vancouver City Centre,-123.1174,49.27823,wHTXCWVsx2PYPT21JV-HeQ,Yelp,479.5161920678816
PiDGiN,4.0,319,Stadium-Chinatown,-123.104188653967,49.2819071402452,H4h_nwZW7f2Yj9ONdzGxHQ,Yelp,479.6077167496066
Tango Empanadas,0.0,0,Main Street-Science World,-123.09588,49.26999,6qxQR-M3HyvtYNmt_lv3dA,Yelp,479.96424225275535
Nafas Kitchen,3.0,1,Main Street-Science World,-123.09588,49.26999,b57z-ADG2iBRVpm_Hy0LXw,Yelp,479.96424225275535
Rolling Cashew,4.5,19,Main Street-Science World,-123.09588,49.26999,sbeSmeab0vbu4r85Egp7SA,Yelp,479.96424225275535
El Mercat,4.0,1,Main Street-Science World,-123.09588,49.26999,kc1xA_37So-OM0bgo31Iaw,Yelp,479.96424225275535
Little Caesars Pizza,3.0,20,Royal Oak Station,-122.9831692,49.2226651,YksszSC6I9XPPKrZqC8CZA,Yelp,481.0473559199344
Pho An Nam,4.0,5,King George,-122.8457673,49.1870771,Lu0ZnuYpblaT_0yq8K8JvA,Yelp,481.80120870653536
Boston Pizza,2.0,32,King George,-122.8457673,49.1870771,sKYsqgRZpzyzLiIVPcC0jA,Yelp,481.80120870653536
Mean Poutine,4.0,275,Vancouver City Centre,-123.123368918896,49.2794438014385,llNNXlgvJg8NEVdEHK503A,Yelp,481.872760633171
Indian Burgers Joint,0.0,0,Main Street-Science World,-123.0957949,49.27001243463268,_RkrbwVbsHZeWvBkxn_AiQ,Yelp,482.3373463720781
Samosa Village,4.5,2,Gateway Station,-122.84414755668485,49.19964910687053,zapSN4Ae_EKdTW8i9DqPbg,Yelp,482.81692883147366
Neptune Palace Restaurant,3.0,106,King George,-122.848401,49.1864648,ADMsgD-wMR7jZ2ylGImZCw,Yelp,485.28066945393766
Hugo's Churros & Tacos,3.0,55,Templeton,-123.13971451460618,49.1967260095642,bRnqU5om4GAvUZcALHMgwQ,Yelp,486.66528942394075
Indo Chinese Street Wok,5.0,1,Main Street-Science World,-123.095779,49.269965,AyM80ltbPCpDnlgaYE_jdQ,Yelp,486.97761916340863
Preference Noodle House,4.0,65,Royal Oak Station,-122.994655126677,49.2218507521499,PBCwx3CnayS1nvTIEOlVWA,Yelp,490.49280139935365
Di Beppe,4.0,135,Stadium-Chinatown,-123.10450043738042,49.2823770558166,G42wPpAtYNSoX5QxEt6pVg,Yelp,491.0485409339544
Toyama Express Sushi,3.0,6,King George,-122.84834596083456,49.1865508126654,0yT2mEn4CT8zNka_lM7x3A,Yelp,491.24715340295046
White Spot,3.0,72,Royal Oak Station,-122.98372,49.22323,c0bstAQPXTmv22PDmkv2Eg,Yelp,492.265409756826
Maruhachi Ra-men,4.0,87,Royal Oak Station,-122.9878563,49.2244919,Aft--QYr3Ba5Ceudg147mQ,Yelp,493.2783967454354
Hon's Wonton House,3.0,58,Main Street-Science World,-123.104120051588,49.2694661422672,stpponw4dmBTnELEpmiMSQ,Yelp,494.5915028345141
The Mexican Antojitos Y Cantina,4.5,402,Yaletown-Roundhouse Station,-123.1240268,49.2787726,AEyYLMPjnFWybOmD81pufg,Yelp,494.722650144522
Glory Juice,3.5,45,Main Street-Science World,-123.1030816,49.2690951,t6HuIdPuTn6ywi1cDLmIeg,Yelp,494.758893210661
Quesada Burritos and Tacos,4.5,3,Waterfront Station,-123.11606,49.28914,ftFmWIZvQ303U8wcDNKP-Q,Yelp,494.8070748970184
Rice Tales,2.5,61,Yvr–Airport,-123.184645,49.195828,iocVsGzroBYbB67vGxWnXA,Yelp,496.82750928017714
Honeybrew,4.0,31,Yaletown-Roundhouse Station,-123.12652,49.27787,OjFTZvQUksuI_MF2N2BSZg,Yelp,497.75672011342317
Boiling Point,3.0,158,Royal Oak Station,-122.9874547,49.2245068,0fmo-96ATTJOPZpm7wBvmA,Yelp,498.41689701676717
Taste of Heaven,0.0,0,Gateway Station,-122.8456208,49.1959489,Qrj65knVdQDuJkaayBbWdA,Yelp,499.3371841403584
Pacific Grill,2.0,7,Yvr–Airport,-123.175106048584,49.1981952989394,Tsk7LgyqWSwQSumLjNc98A,Yelp,499.45729692186654
1003 Brunch & Dessert,5.0,1,Royal Oak Station,-122.9899072,49.22447173359129,F6yUX5iBvHVmig8y12hAag,Yelp,499.95764025346006
Dynasty Seafood Restaurant,3.5,293,Broadway-City Hall Station,-123.12138,49.2635999,qO03dJ4hU0sb5I1eBSEVkA,Yelp,500.7949755121911
Kozak Ukraïnian Eatery,4.5,28,Stadium-Chinatown,-123.1046473704731,49.282664039944194,rFpTo5-e7ML6rCVs64PxtA,Yelp,503.4423621558136
Terra Breads,4.0,134,Main Street-Science World,-123.1067987907931,49.27144458615277,9R9yC5Z-5CmYOTDRMyFD7A,Yelp,505.75953628002975
Rorimomo,4.0,30,Yaletown-Roundhouse Station,-123.126947862,49.277705275,Y3Asx0r6qfpnoIwKorL2MQ,Yelp,506.07356960023156
Gringo,4.5,281,Stadium-Chinatown,-123.105335897068,49.2831553214634,xotJvqXcjsDSnbL993L5rg,Yelp,508.1401240157684
Liuyishou Hotpot Burnaby,2.5,19,Royal Oak Station,-122.9837848,49.2234814,09GQvRmNeo1j9paD5JEViQ,Yelp,509.40993478525826
Italian Tomato Restaurant,3.5,194,Bridgeport Station,-123.1303,49.19188,lug97x28ybkWk3dotVrVMA,Yelp,509.95897310594114
Donair Delight,4.0,11,Patterson,-123.00597819999996,49.231173651505664,tLxkEkhygYhu4Pyz8SV2HA,Yelp,510.18221584608085
Happy Day Cafe,3.0,120,Joyce–Collingwood,-123.035213590815,49.2343463246624,9DhkvgR9X8R94PvKsLGb8A,Yelp,513.2731156778516
Potato Corner - Central City,4.0,1,King George,-122.8493488,49.1863329,sjRvRTwrB2QCZsEqV6wsgw,Yelp,514.3530529643257
Lotus Seed Vegan,4.0,127,Olympic Village Station,-123.1204905,49.2631751,8GSg9GAax8rRmBCij1aneA,Yelp,514.6807332376559
Boca'o Spain in a bite,4.0,8,Main Street-Science World,-123.10671,49.27108,0hu0ZDyEd-ZELKQf50RW2w,Yelp,516.744967494901
La Bakeria Bakeshop,0.0,0,Main Street-Science World,-123.0957,49.26965,KaSueQd0SfK0DTVVtOolvQ,Yelp,516.9045184650837
Subway,2.5,11,Main Street-Science World,-123.106027382075,49.2703194839244,08j7E4HP6Shlc3FyN4csjQ,Yelp,519.8763915663955
Pho Boi,2.5,80,Royal Oak Station,-122.9838496,49.2236549,01FeyfdV1IozLwDntJW49A,Yelp,520.8705950252682
MeetRice Noodle,2.5,30,Royal Oak Station,-122.988679,49.224766,Wtb2freP2LoPafX8OONXQQ,Yelp,521.9296161041419
Honey Salt,3.5,266,Stadium-Chinatown,-123.1128477,49.2753742,3r3RHfuLPgRSiRkp5udXSw,Yelp,523.0437696206767
Charleys Cheesesteaks,3.5,5,King George,-122.848146,49.186978,9AisEcp9Mq4d-b_2gJrqVg,Yelp,525.3705033339368
JOEY Burnaby,3.5,214,Gilmore Station,-123.006959,49.266806,64E5JZbW8pZBWi_DHODXpQ,Yelp,526.8431922717903
Piva Modern Italian,4.0,236,Columbia,-122.911386,49.201547,zBe6XkbeqW0D6v1dYGVLRA,Yelp,528.408673641408
Island Foot Clinics,3.5,12,King George,-122.84831922883563,49.18695177991773,s30M8BsspQZrGPMmlrrm6A,Yelp,528.7671536558518
CRAFT Beer Market,3.5,516,Main Street-Science World,-123.1060713,49.2702147,P8ivaSJ-_FmC01Z_2Npuig,Yelp,529.5601984795038
Oo La Cha,4.5,2,Bridgeport Station,-123.1319698,49.1927306,M-EhFUVgpXRx15aEyw1-MQ,Yelp,530.7730340946863
Ki Sushi,3.5,172,Columbia,-122.91207,49.20204,xiEavS-KBbwP_L7UinYxEA,Yelp,531.7451830939781
Flying Fish N Chipper,4.0,6,Main Street-Science World,-123.095907457173,49.2693508339235,dkbKtRiIxCcRM0wGiKup9A,Yelp,533.3141816969905
Congee Noodle King,3.0,152,Joyce–Collingwood,-123.03516,49.23411,xBvGGbP0jYJvS5q9FLpeFA,Yelp,534.5426509288523
The Captain's Boil,2.5,120,Joyce–Collingwood,-123.03529833260356,49.23415651293356,X1zgjcFLzIQxng7J4xl-eg,Yelp,534.7163716729674
Chicko Chicken,3.0,8,Patterson,-123.00580007239144,49.231538301902894,RVoWmpn_LI-04KTe_Xg8FQ,Yelp,536.1060927994289
Beijiang Restaurant,4.0,34,Joyce–Collingwood,-123.036112163111,49.2344772006393,ro-zMXQRVhmPcXk5gsukOA,Yelp,536.3041951051581
Jin Jiang Shanghai Restaurant,2.5,80,Royal Oak Station,-122.9858017,49.2245712,9CqzZK-4BJ8v4Dv_rj8pzw,Yelp,536.3823718559678
Taco Nori Sushi Tacos,4.5,14,Broadway-City Hall Station,-123.10821533,49.26550674,0hvWijWmmq8rw5VBkVZ77A,Yelp,537.1321696327626
V Cafe,4.5,56,Columbia,-122.912444,49.2023083,0H5DTTT6EHolaIvNGgguhA,Yelp,537.9549713186296
On On Wonton House,2.5,61,Royal Oak Station,-122.98219,49.22264,Hp6jZTiD0uuCwkXdvB0d2g,Yelp,538.195884934886
Fighter Chicken,2.5,4,Joyce–Collingwood,-123.036137,49.23446,sAfZMsUMN5fRTbxXNS0zkQ,Yelp,538.9122956683626
Burger King,2.0,36,Bridgeport Station,-123.1293886,49.1911949,CSXPqFn64hpPHgzeBxTsQw,Yelp,539.7125273253367
Manna Sushi,2.5,80,Main Street-Science World,-123.104496,49.2691055,C_1QbwlLo-CByZ69ngsWRQ,Yelp,543.0879397599981
Northern BBQ & Beer Bar,4.5,7,Royal Oak Station,-122.9828621200858,49.22333916707611,lipW_GQlQqxe-0rlaQtErw,Yelp,545.7940472897433
DQ OrangeJulius,0.0,0,King George,-122.849305,49.186734,wzkRjmDGq_moDZW9GswFHg,Yelp,547.342974391635
Potter's Garden Korean BBQ,3.5,108,Royal Oak Station,-122.9824647,49.2230516,D470BSdNr4p9kHlbppwjow,Yelp,547.7719530568734
Thai Express,2.0,6,King George,-122.849009111524,49.1868804905097,nlV4F9THfkqHpd9VRg7SHA,Yelp,548.1836484306605
Ponchos,4.0,1,Bridgeport Station,-123.1324333569757,49.19287778575435,h8LXRZ5Wc05KCZ34iakncQ,Yelp,549.4274218208079
Jambo Grill,3.5,176,Joyce–Collingwood,-123.03734,49.2350107,3lb3fpiPehWqufRbhYdA-g,Yelp,551.4099090124599
L'Abattoir,4.0,576,Stadium-Chinatown,-123.104450140894,49.2831869855333,7Tne8P5zyMpJKfpjQg2P-g,Yelp,553.9389826167352
Indish Food Truck,4.0,8,Main Street-Science World,-123.09568,49.26923,6kXyyGQZAF0FgdDHDj_7TA,Yelp,554.0155008427334
Hyack Sushi,4.0,89,Columbia,-122.9129065,49.2025469,iyXk-oAEBONJTE3w7NGrEA,Yelp,554.3065936645243
Twisted Fork,4.0,1097,Stadium-Chinatown,-123.104445,49.283194,uAROEz8D29elXoNxjnPrkQ,Yelp,554.7560895467088
MeeT in Gastown,4.0,489,Stadium-Chinatown,-123.1048494822089,49.28343624826065,LXW8pRE_VLi8gnW94s-GFg,Yelp,554.7635694441863
Bruno,4.0,66,Bridgeport Station,-123.13187616293204,49.19222284717219,p41WeMrDri8pxQRZ4k6JhQ,Yelp,560.6184708311284
The Press Room,4.0,12,Olympic Village Station,-123.1092951,49.2694971,QCJO27ln2mR_kJQr6P3c0g,Yelp,564.5564657940748
Dharma Garden Veggie Deli,4.5,40,Joyce–Collingwood,-123.037931126471,49.2352617153651,EZAXV8kwVqzkrUl_g6CXJQ,Yelp,566.2055602528391
Six Acres,4.0,287,Stadium-Chinatown,-123.1044042,49.2833119,iV8i_ZXXBj1JTqFrJfleQw,Yelp,566.2128424590173
Nook,4.0,60,Olympic Village Station,-123.109226971865,49.269495877535,jyU8_T2QNmaBRdjaMpXGDA,Yelp,568.5033785158381
The Old Spaghetti Factory,3.5,137,Columbia,-122.91260507829,49.201925687134,IwKjNa3HUAgEpveTac6Wgw,Yelp,570.8833087430372
Denny's,3.0,67,Royal Oak Station,-122.982121,49.223105,0DdPIyfyD7BRJrUo6Cgnow,Yelp,571.3404599885279
Metro Coffee Bar & Billiards,4.5,3,Joyce–Collingwood,-123.0381433,49.2353253,QaOIW95xGa91zckDcxb_RQ,Yelp,574.2751729785085
Union Latinos Food,0.0,0,Gateway Station,-122.8463923,49.1946049,KCu66B-n-ZN9hm5cph5M_w,Yelp,577.6265943342677
Happy Hong Kong Restaurant,3.0,22,Bridgeport Station,-123.12060389444277,49.19170439297874,1WSRkAxeF6HHmrpFx8yx0Q,Yelp,581.5652059804368
Kushi Mura Japanese Izakaya,3.5,22,Columbia,-122.9127047,49.2018489,DJ6f-K17nCR77AeezVFDgg,Yelp,581.6859606170218
Freshslice Pizza,3.0,16,Columbia,-122.9127047,49.2018489,raAFYL7HNJbzSkwqPzdMYw,Yelp,581.6859606170218
A&W,2.0,5,King George,-122.84922565,49.18714848,TN5Gp6_CUDuTii1vsYWKLg,Yelp,581.7027055803364
Kingfisher Fast Food & Dine,1.0,1,Gateway Station,-122.84626,49.1946,J0nvVvldkRwsVu7TW0eJ0g,Yelp,583.3572079302506
Tengu Sushi Garden,0.0,0,King George,-122.8377569,49.1802336,H1Vz5FM3dbOa2BCCWJXBsQ,Yelp,585.4211925116223
Robba Da Matti,5.0,7,Stadium-Chinatown,-123.10375675641404,49.28314632351484,bgQRJLO8QFYDpCfkeOhjVA,Yelp,587.3498662399003
Freshslice Pizza,0.0,0,King George,-122.84949808404949,49.18710834971996,ZXyC8INSjDd12PNx4VmNug,Yelp,589.246200076871
Shanghai Wonderful Restaurant,3.0,62,Bridgeport Station,-123.12038893128752,49.19171465980281,DuifNxKBALMuascnl9GMRw,Yelp,591.4981674444552
Tap & Barrel - Convention Centre,4.0,330,Waterfront Station,-123.116857235515,49.289845529586,nwwFLvSaUHEagSi1MSjqRA,Yelp,592.1814031836121
Pho Quynh Express,3.5,51,Main Street-Science World,-123.1061899,49.269432251041415,6yfGhEW0OC6G4xTbtTa-9w,Yelp,593.6705276422873
Go Grill,3.0,1,King George,-122.84956608526548,49.18714635151348,YwRCCI7_EzaSoFm_9Q2O-Q,Yelp,595.5566128699772
Sushi Kiwami,4.0,12,Bridgeport Station,-123.13251743724236,49.19222393842119,K6MpZfPzLin3XVlnO2gplA,Yelp,596.4790224319757
Minoas Taverna,3.0,82,Patterson,-123.019224,49.232991,YzGFmuNvRGiofHL_dlmFPw,Yelp,596.8490613645047
Monarca,4.0,22,Stadium-Chinatown,-123.1044645,49.28378619999999,3LkOka1VW74i0gbavuFp_A,Yelp,602.5029464089378
Local Public Eatery,4.0,140,Stadium-Chinatown,-123.1039517,49.2835742,QjL-xP8-NlBamuh979Ze9A,Yelp,609.9962564724456
Sushi Town Restaurant,0.0,0,Gateway Station,-122.84419,49.19549,6cn_CRybXqk0xJvimT3vCQ,Yelp,611.4613108330263
Pizza Garden,3.5,118,Columbia,-122.91292850381411,49.2015796,5PbImb6dANokzsnklKwO9g,Yelp,612.2875066355795
Blenz Coffee,3.0,12,Main Street-Science World,-123.106524,49.2692774,VLUXBn5t4Z8g63DxGuYpLw,Yelp,623.0493870948934
Hub Restaurant New West,2.5,180,Columbia,-122.912955361377,49.2014142339311,ZBLbe73ID4mIrTEyd2twdQ,Yelp,624.8517399937563
Old Friends Kitchen,0.0,0,Patterson,-123.0059859000752,49.2261466,ssP2p8W3MoDwxIxN8j_Kcw,Yelp,629.540624820652
Wok Ans Sushi,0.0,0,Columbia,-122.91269,49.2011239998936,Cu2jp86qsQCUZ4-6acxDXg,Yelp,630.2252773438285
DONI,4.5,6,Gateway Station,-122.844513965082,49.1949771883698,guHHkp_zYkuvwnEY14eOzg,Yelp,632.041198738918
Banana Leaf,3.5,299,Olympic Village Station,-123.1225,49.26302,eUf08fT2qf-l8Ofi--sETw,Yelp,634.3705082388319
Quesada Burritos & Tacos,3.0,19,Columbia,-122.91267059564676,49.201020112316414,UIxbtBAnmMKR-OjhG3KRIw,Yelp,636.7741511372498
Papa John's Pizza,0.0,0,Gateway Station,-122.844858,49.194693,yNUbBJ_Odvz1ysWkZnKouA,Yelp,637.6735936622141
Crab Hot Lau,4.0,24,Nanaimo Station,-123.0627,49.24431,sXqt4TTz1WAz-u70mrdODg,Yelp,661.1393949510922
Passenger Cafe,4.0,2,Columbia,-122.9128591,49.200772,zBwEhFo-LUBt1EFti1TKJw,Yelp,665.4402035050758
Sing Sing Restaurant,3.5,3,Nanaimo Station,-123.0624282,49.2440212,g9izr4byoZaLZlxTqTCslA,Yelp,668.9086144095716
Thai Cook Thai,3.0,1,Nanaimo Station,-123.0624282,49.2440212,bOL6FAusls9zEyYq1ITaJg,Yelp,668.9086144095716
Sushi Street,5.0,4,King George,-122.8501,49.19044,9XbqS8TN_GqMWjshzHev0A,Yelp,933.7887527010807
Church's Texas Chicken,2.5,3,Sea Island Centre,-123.1747358,49.1945445,E2ce43D0uCJ33rca3fTBZA,Yelp,1235.40837083827
Bento Sushi,1.0,1,Marine Drive Station,-123.09939,49.2106151,vVFZnByFBtWZcjtglVwnrQ,Yelp,1284.9874792547378
Finch & Barley,4.0,60,Main Street-Science World,-123.07346,49.30992,R9R61_IpsCNJgRwpy_x7YA,Yelp,4527.694594239568
Red Door,2.5,2,Main Street-Science World,-123.1425909,49.3253151,uF_xSsjb-9mbRhFznj5dDw,Yelp,6557.366514871215
